url,lang,status,word_ratio,uf.having_ip_address(url),uf.shortening_service(url),cert!=None,uf.url_length(r_url),uf.count_at(r_url),uf.count_exclamation(r_url),uf.count_plust(r_url),uf.count_sBrackets(r_url),uf.count_rBrackets(r_url),uf.count_comma(r_url),uf.count_dollar(r_url),uf.count_semicolumn(r_url),uf.count_space(r_url),uf.count_and(r_url),uf.count_double_slash(r_url),uf.count_slash(r_url),uf.count_equal(r_url),uf.count_percentage(r_url),uf.count_question(r_url),uf.count_underscore(r_url),uf.count_hyphens(r_url),uf.count_dots(r_url),uf.count_colon(r_url),uf.count_star(r_url),uf.count_or(r_url),uf.count_tilde(r_url),uf.count_http_token(r_url),uf.https_token(scheme),uf.ratio_digits(r_url),uf.count_digits(r_url),"cf.count_phish_hints(r_url,phish_hints)","uf.tld_in_path(tld,path)","uf.tld_in_subdomain(tld,subdomain)","uf.tld_in_bad_position(tld,subdomain,path)",uf.abnormal_subdomain(r_url),uf.count_redirection(request),"uf.count_external_redirection(request,domain)",uf.random_domain(second_level_domain),uf.random_words(words_raw),uf.random_words(words_raw_host),uf.random_words(words_raw_path),uf.char_repeat(words_raw),uf.char_repeat(words_raw_host),uf.char_repeat(words_raw_path),uf.punycode(r_url),uf.domain_in_brand(second_level_domain),"uf.brand_in_path(second_level_domain, words_raw_path)",uf.check_www(words_raw),uf.check_com(words_raw),uf.port(r_url),uf.length_word_raw(words_raw),uf.average_word_length(words_raw),uf.longest_word_length(words_raw),uf.shortest_word_length(words_raw),uf.prefix_suffix(r_url),uf.count_subdomain(r_url),uf.count_visual_similarity_domains(second_level_domain),cf.compression_ratio(request),cf.count_textareas(content),cf.ratio_js_on_html(Text),len(iUrl_s)+len(eUrl_s),"cf.urls_ratio(iUrl_s,iUrl_s+eUrl_s+nUrl_s)","cf.urls_ratio(eUrl_s,iUrl_s+eUrl_s+nUrl_s)","cf.urls_ratio(nUrl_s,iUrl_s+eUrl_s+nUrl_s)","cf.ratio_List(CSS,'internals')","cf.ratio_List(CSS,'externals')","cf.ratio_List(CSS,'embedded')","cf.ratio_List(SCRIPT,'internals')","cf.ratio_List(SCRIPT,'externals')","cf.ratio_List(SCRIPT,'embedded')","cf.ratio_List(Img,'externals')","cf.ratio_List(Img,'internals')",cf.count_reqs_redirections(reqs_iData_s),cf.count_reqs_redirections(reqs_eData_s),cf.count_reqs_error(reqs_iData_s),cf.count_reqs_error(reqs_eData_s),cf.login_form(Form),"cf.ratio_List(Favicon,'externals')","cf.ratio_List(Favicon,'internals')",cf.submitting_to_email(Form),"cf.ratio_List(Media,'internals')","cf.ratio_List(Media,'externals')",cf.empty_title(Title),"cf.ratio_anchor(Anchor,'unsafe')","cf.ratio_anchor(Anchor,'safe')","cf.ratio_List(Link,'internals')","cf.ratio_List(Link,'externals')",cf.iframe(IFrame),cf.onmouseover(content),cf.popup_window(content),cf.right_clic(content),"cf.domain_in_text(second_level_domain,Text)","cf.domain_in_text(second_level_domain,Title)","cf.domain_with_copyright(domain,content)","cf.count_phish_hints(Text,phish_hints)","cf.ratio_Txt(iImgTxt_words+eImgTxt_words,sContent_words)","cf.ratio_Txt(iImgTxt_words,sContent_words)","cf.ratio_Txt(eImgTxt_words,sContent_words)","cf.ratio_Txt(eImgTxt_words,iImgTxt_words)","cf.ratio_dynamic_html(Text,.join([Text_di,Text_de]))","cf.ratio_dynamic_html(Text,Text_di)",cf.ratio_js_on_html(Text_di),cf.count_textareas(content_di),len(iUrl_di)+len(eUrl_di),"cf.urls_ratio(iUrl_di,iUrl_di+eUrl_di+nUrl_di)","cf.urls_ratio(eUrl_di,iUrl_di+eUrl_di+nUrl_di)","cf.urls_ratio(nUrl_di,iUrl_di+eUrl_di+nUrl_di)","cf.ratio_List(CSS_di,'internals')","cf.ratio_List(CSS_di,'externals')","cf.ratio_List(CSS_di,'embedded')","cf.ratio_List(SCRIPT_di,'internals')","cf.ratio_List(SCRIPT_di,'externals')","cf.ratio_List(SCRIPT_di,'embedded')","cf.ratio_List(Img_di,'externals')","cf.ratio_List(Img_di,'internals')",cf.count_reqs_redirections(reqs_iData_di),cf.count_reqs_redirections(reqs_eData_di),cf.count_reqs_error(reqs_iData_di),cf.count_reqs_error(reqs_eData_di),cf.login_form(Form_di),"cf.ratio_List(Favicon_di,'externals')","cf.ratio_List(Favicon_di,'internals')",cf.submitting_to_email(Form_di),"cf.ratio_List(Media_di,'internals')","cf.ratio_List(Media_di,'externals')",cf.empty_title(Title_di),"cf.ratio_anchor(Anchor_di,'unsafe')","cf.ratio_anchor(Anchor_di,'safe')","cf.ratio_List(Link_di,'internals')","cf.ratio_List(Link_di,'externals')",cf.iframe(IFrame_di),cf.onmouseover(content_di),cf.popup_window(content_di),cf.right_clic(content_di),"cf.domain_in_text(second_level_domain,Text_di)","cf.domain_in_text(second_level_domain,Title_di)","cf.domain_with_copyright(domain,content_di)",cf.count_io_commands(internals_script_doc),"cf.count_phish_hints(Text_di,phish_hints)","cf.ratio_dynamic_html(Text,Text_de)",cf.ratio_js_on_html(Text_de),cf.count_textareas(content_de),len(iUrl_de)+len(eUrl_de),"cf.urls_ratio(iUrl_de,iUrl_de+eUrl_de+nUrl_de)","cf.urls_ratio(eUrl_de,iUrl_de+eUrl_de+nUrl_de)","cf.urls_ratio(nUrl_de,iUrl_de+eUrl_de+nUrl_de)","cf.ratio_List(CSS_de,'internals')","cf.ratio_List(CSS_de,'externals')","cf.ratio_List(CSS_de,'embedded')","cf.ratio_List(SCRIPT_de,'internals')","cf.ratio_List(SCRIPT_de,'externals')","cf.ratio_List(SCRIPT_de,'embedded')","cf.ratio_List(Img_de,'externals')","cf.ratio_List(Img_de,'internals')",cf.count_reqs_redirections(reqs_iData_de),cf.count_reqs_redirections(reqs_eData_de),cf.count_reqs_error(reqs_iData_de),cf.count_reqs_error(reqs_eData_de),cf.login_form(Form_de),"cf.ratio_List(Favicon_de,'externals')","cf.ratio_List(Favicon_de,'internals')",cf.submitting_to_email(Form_de),"cf.ratio_List(Media_de,'internals')","cf.ratio_List(Media_de,'externals')",cf.empty_title(Title_de),"cf.ratio_anchor(Anchor_de,'unsafe')","cf.ratio_anchor(Anchor_de,'safe')","cf.ratio_List(Link_de,'internals')","cf.ratio_List(Link_de,'externals')",cf.iframe(IFrame_de),cf.onmouseover(content_de),cf.popup_window(content_de),cf.right_clic(content_de),"cf.domain_in_text(second_level_domain,Text_de)","cf.domain_in_text(second_level_domain,Title_de)","cf.domain_with_copyright(domain,content_de)",cf.count_io_commands(externals_script_doc),"cf.count_phish_hints(Text_de,phish_hints)",ef.domain_registration_length(domain),ef.whois_registered_domain(domain),ef.web_traffic(r_url),ef.page_rank(domain),"ef.compare_search2url(r_url,domain,TF.most_common(5)])",ef.remainder_valid_cert(hostinfo.cert),ef.valid_cert_period(hostinfo.cert),ef.count_alt_names(hostinfo.cert)
https://extracash-intlbank-segurodigital.com/noticias/canales-de-atencion-covid-19.html,en,1,0.21878453038674034,0.0,0.0,1.0,87.0,0.0,0.0,0.0,0.0,0.0,0.0,0.0,0.0,0.0,0.0,0.0,4.0,0.0,0.0,0.0,0.0,6.0,2.0,1.0,0.0,0.0,0.0,1.0,0.0,0.022988505747126436,2.0,2.0,0.0,0.0,0.0,0.0,0.0,0.0,1.0,4.0,2.0,2.0,0.0,0.0,0.0,0.0,0.0,0.9970666950371464,0.0,0.0,0.0,14.0,4.714285714285714,8.0,2.0,0.0,2.0,0.0,0.20322457721771808,2.0,0.0,64.0,0.12162162162162163,0.7432432432432432,0.13513513513513514,0.5,0.16666666666666666,0.3333333333333333,0.0,0.0,0.0,0.0,1.0,0.0,0.0,0.0,0.0,1.0,0.85,0.15,0.0,1.0,0.0,0.0,0.5111111111111111,0.4888888888888889,0.23076923076923078,0.7692307692307693,0.0,0.0,0.0,0.0,0.0,0.0,0.0,106.0,0.0,0.0,0.0,0.0,0.0,0.0,0.0,0.0,0.0,0.0,0.0,0.0,0.0,0.0,0.0,0.0,0.0,0.0,0.0,0.0,0.0,0.0,0.0,0.0,0.0,0.0,0.0,0.0,0.0,0.0,1.0,0.0,0.0,0.0,0.0,0.0,0.0,0.0,0.0,0.0,0.0,0.0,0.0,0.0,0.0,0.0,0.0,0.0,0.0,0.0,0.0,0.0,0.0,0.0,0.0,0.0,0.0,0.0,0.0,0.0,0.0,0.0,0.0,0.0,0.0,0.0,0.0,0.0,0.0,1.0,0.0,0.0,0.0,0.0,0.0,0.0,0.0,0.0,0.0,0.0,0.0,0.0,0.0,365.0,-5.0,-1.0,0.0,0.0,0.0,365.0,2.0
http://zonasegura-inter.banlkperu.com/,en,1,1.0,0.0,0.0,1.0,22.0,0.0,0.0,0.0,0.0,0.0,0.0,0.0,0.0,0.0,0.0,0.0,2.0,0.0,0.0,0.0,0.0,0.0,2.0,1.0,0.0,0.0,0.0,1.0,0.0,0.0,0.0,0.0,0.0,0.0,0.0,0.0,1.0,1.0,0.0,0.0,0.0,0.0,2.0,2.0,0.0,0.0,1.0,0.0,1.0,0.0,0.0,2.0,4.5,6.0,3.0,0.0,2.0,4.0,-1.0,1.0,0.0,21.0,0.7142857142857143,0.2857142857142857,0.0,0.0,0.0,0.0,0.0,0.0,1.0,0.0,1.0,0.0,0.0,0.0,0.0,0.0,0.0,0.0,0.0,1.0,0.0,0.0,0.0,1.0,0.0,0.0,0.0,0.0,0.0,0.0,1.0,1.0,0.0,0.0,0.0,0.0,0.0,0.0,0.0,0.0,0.0,0.0,0.0,0.0,0.0,0.0,0.0,0.0,0.0,0.0,0.0,0.0,0.0,0.0,0.0,0.0,0.0,0.0,0.0,0.0,0.0,0.0,0.0,0.0,1.0,0.0,0.0,0.0,0.0,0.0,0.0,0.0,0.0,0.0,0.0,0.0,78.0,0.0,0.0,0.0,0.0,0.0,0.0,0.0,0.0,0.0,0.0,0.0,0.0,0.0,0.0,0.0,0.0,0.0,0.0,0.0,0.0,0.0,0.0,0.0,0.0,0.0,0.0,1.0,0.0,0.0,0.0,0.0,0.0,0.0,0.0,0.0,0.0,0.0,0.0,0.0,0.0,2774.0,1.0,1.0,10.0,0.0,0.23415057789773175,83.0,74.0
http://extracash-interlbankonline.com/,en,1,1.0,0.0,0.0,1.0,38.0,0.0,0.0,0.0,0.0,0.0,0.0,0.0,0.0,0.0,0.0,0.0,3.0,0.0,0.0,0.0,0.0,1.0,1.0,1.0,0.0,0.0,0.0,1.0,1.0,0.0,0.0,1.0,0.0,0.0,0.0,0.0,0.0,0.0,0.0,0.0,0.0,0.0,0.0,0.0,0.0,0.0,0.0,0.0,0.0,0.0,0.0,6.0,4.166666666666667,6.0,1.0,1.0,1.0,0.0,0.5040128410914928,0.0,0.0,5.0,1.0,0.0,0.0,0.0,0.0,0.0,0.0,0.0,0.0,0.0,0.0,0.0,0.0,0.0,0.0,0.0,0.0,0.0,0.0,0.0,0.0,0.0,0.0,0.0,0.0,0.0,0.0,0.0,0.0,0.0,0.0,0.0,0.0,4.0,0.0,0.0,0.0,0.0,0.0,0.0,0.0,0.0,0.0,0.0,0.0,0.0,0.0,0.0,0.0,0.0,0.0,0.0,0.0,0.0,0.0,0.0,0.0,0.0,0.0,0.0,0.0,0.0,0.0,0.0,1.0,0.0,0.0,0.0,0.0,0.0,0.0,0.0,0.0,0.0,0.0,0.0,0.0,0.0,0.0,0.0,0.0,0.0,0.0,0.0,0.0,0.0,0.0,0.0,0.0,0.0,0.0,0.0,0.0,0.0,0.0,0.0,0.0,0.0,0.0,0.0,0.0,0.0,0.0,1.0,0.0,0.0,0.0,0.0,0.0,0.0,0.0,0.0,0.0,0.0,0.0,0.0,0.0,365.0,-5.0,-1.0,0.0,0.0,0.0,365.0,2.0
https://ekvarika.ru/build/Notificaciones_Popularenlinea_Consumo/Home.html,en,1,0.2840909090909091,0.0,0.0,1.0,73.0,0.0,0.0,0.0,0.0,0.0,0.0,0.0,0.0,0.0,0.0,0.0,5.0,0.0,0.0,0.0,2.0,0.0,2.0,1.0,0.0,0.0,0.0,1.0,0.0,0.0,0.0,0.0,0.0,0.0,0.0,0.0,0.0,0.0,1.0,4.0,2.0,2.0,0.0,0.0,0.0,0.0,0.9855282919543438,0.9923427338181185,0.0,0.0,0.0,10.0,5.6,14.0,2.0,0.0,2.0,0.0,1.0,2.0,0.0,14.0,0.7777777777777778,0.0,0.2222222222222222,1.0,0.0,0.0,0.0,0.0,0.0,0.0,1.0,0.0,0.0,0.0,0.0,0.0,0.0,1.0,0.0,1.0,0.0,0.0,1.0,0.0,1.0,0.0,0.0,0.0,0.0,0.0,0.0,0.0,0.0,8.0,0.0,0.0,0.0,0.0,0.0,0.0,0.0,0.0,0.0,0.0,0.0,0.0,0.0,0.0,0.0,0.0,0.0,0.0,0.0,0.0,0.0,0.0,0.0,0.0,0.0,0.0,0.0,0.0,0.0,0.0,1.0,0.0,0.0,0.0,0.0,0.0,0.0,0.0,0.0,0.0,0.0,0.0,0.0,0.0,0.0,0.0,0.0,0.0,0.0,0.0,0.0,0.0,0.0,0.0,0.0,0.0,0.0,0.0,0.0,0.0,0.0,0.0,0.0,0.0,0.0,0.0,0.0,0.0,0.0,1.0,0.0,0.0,0.0,0.0,0.0,0.0,0.0,0.0,0.0,0.0,0.0,0.0,0.0,259.0,1.0,-1.0,0.0,0.0,0.6305380658436214,90.0,2.0
https://transplataforma.transitabile.com.br/Concluir/atendimento/Inicial.php,en,1,1.0,0.0,0.0,1.0,22.0,0.0,0.0,0.0,0.0,0.0,0.0,0.0,0.0,0.0,0.0,0.0,3.0,0.0,0.0,0.0,0.0,0.0,2.0,1.0,0.0,0.0,0.0,1.0,1.0,0.0,0.0,0.0,0.0,0.0,0.0,0.0,1.0,1.0,0.0,0.0,0.0,0.0,2.0,2.0,0.0,0.0,1.0,0.0,1.0,0.0,0.0,2.0,4.5,6.0,3.0,0.0,2.0,4.0,0.39068825910931176,1.0,0.0,21.0,0.7142857142857143,0.2857142857142857,0.0,0.0,0.0,0.0,0.0,0.0,1.0,0.0,1.0,0.0,0.0,0.0,0.0,0.0,0.0,0.0,0.0,1.0,0.0,0.0,0.0,1.0,0.0,0.0,0.0,0.0,0.0,0.0,1.0,1.0,0.0,0.0,0.0,0.0,0.0,0.0,0.0,0.0,0.0,0.0,0.0,0.0,0.0,0.0,0.0,0.0,0.0,0.0,0.0,0.0,0.0,0.0,0.0,0.0,0.0,0.0,0.0,0.0,0.0,0.0,0.0,0.0,1.0,0.0,0.0,0.0,0.0,0.0,0.0,0.0,0.0,0.0,0.0,0.0,78.0,0.0,0.0,0.0,0.0,0.0,0.0,0.0,0.0,0.0,0.0,0.0,0.0,0.0,0.0,0.0,0.0,0.0,0.0,0.0,0.0,0.0,0.0,0.0,0.0,0.0,0.0,1.0,0.0,0.0,0.0,0.0,0.0,0.0,0.0,0.0,0.0,0.0,0.0,0.0,0.0,2774.0,1.0,1.0,10.0,0.0,0.23415057789773175,83.0,74.0
http://capworth.net/main_go.html?HVtEWzzRdxTfcVGvBHJInIkOMJIbhUvgFCdgXsEXRDCfGVhBJniNUHYGV,en,1,1.0,0.0,0.0,1.0,91.0,0.0,0.0,0.0,0.0,0.0,0.0,0.0,0.0,0.0,0.0,0.0,3.0,0.0,0.0,1.0,1.0,0.0,2.0,1.0,0.0,0.0,0.0,1.0,0.0,0.0,0.0,0.0,0.0,0.0,0.0,0.0,1.0,0.0,0.0,3.0,0.0,3.0,1.0,0.0,1.0,0.0,0.9962038363704945,0.9995288473893862,0.0,0.0,0.0,8.0,9.375,24.0,2.0,0.0,2.0,0.0,1.0,0.0,0.0,0.0,0.0,0.0,0.0,0.0,0.0,0.0,0.0,0.0,0.0,0.0,0.0,0.0,0.0,0.0,0.0,0.0,0.0,0.0,0.0,0.0,0.0,1.0,0.0,0.0,0.0,0.0,0.0,0.0,0.0,0.0,0.0,0.0,0.0,0.0,0.0,0.0,0.0,0.0,0.0,0.0,0.0,0.0,0.0,0.0,0.0,0.0,0.0,0.0,0.0,0.0,0.0,0.0,0.0,0.0,0.0,0.0,0.0,0.0,0.0,0.0,0.0,0.0,0.0,0.0,1.0,0.0,0.0,0.0,0.0,0.0,0.0,0.0,0.0,0.0,0.0,0.0,0.0,0.0,0.0,0.0,0.0,0.0,0.0,0.0,0.0,0.0,0.0,0.0,0.0,0.0,0.0,0.0,0.0,0.0,0.0,0.0,0.0,0.0,0.0,0.0,0.0,0.0,0.0,1.0,0.0,0.0,0.0,0.0,0.0,0.0,0.0,0.0,0.0,0.0,0.0,0.0,0.0,61.0,1.0,-1.0,2.0,0.0,0.3844149948559671,90.0,3.0
https://capworth.net/main_go.html?HVtEWzzRdxTfcVGvBHJInIkOMJIbhUvgFCdgXsEXRDCfGVhBJniNUHYGV,en,1,1.0,0.0,0.0,1.0,91.0,0.0,0.0,0.0,0.0,0.0,0.0,0.0,0.0,0.0,0.0,0.0,3.0,0.0,0.0,1.0,1.0,0.0,2.0,1.0,0.0,0.0,0.0,1.0,0.0,0.0,0.0,0.0,0.0,0.0,0.0,0.0,0.0,0.0,0.0,3.0,0.0,3.0,1.0,0.0,1.0,0.0,0.9962038363704945,0.9995288473893862,0.0,0.0,0.0,8.0,9.375,24.0,2.0,0.0,2.0,0.0,1.0,0.0,0.0,0.0,0.0,0.0,0.0,0.0,0.0,0.0,0.0,0.0,0.0,0.0,0.0,0.0,0.0,0.0,0.0,0.0,0.0,0.0,0.0,0.0,0.0,1.0,0.0,0.0,0.0,0.0,0.0,0.0,0.0,0.0,0.0,0.0,0.0,0.0,0.0,0.0,0.0,0.0,0.0,0.0,0.0,0.0,0.0,0.0,0.0,0.0,0.0,0.0,0.0,0.0,0.0,0.0,0.0,0.0,0.0,0.0,0.0,0.0,0.0,0.0,0.0,0.0,0.0,0.0,1.0,0.0,0.0,0.0,0.0,0.0,0.0,0.0,0.0,0.0,0.0,0.0,0.0,0.0,0.0,0.0,0.0,0.0,0.0,0.0,0.0,0.0,0.0,0.0,0.0,0.0,0.0,0.0,0.0,0.0,0.0,0.0,0.0,0.0,0.0,0.0,0.0,0.0,0.0,1.0,0.0,0.0,0.0,0.0,0.0,0.0,0.0,0.0,0.0,0.0,0.0,0.0,0.0,61.0,1.0,-1.0,2.0,0.0,0.3844149948559671,90.0,3.0
http://gm-forzza.com.mx/txhzropwdh.html?HVtEWzRdxTfcVGvBHJInIkOMJIbhUvgFCdgXsEXRDCfGhVBJniNUHYGV,en,1,1.0,0.0,0.0,0.0,96.0,0.0,0.0,0.0,0.0,0.0,0.0,0.0,0.0,0.0,0.0,0.0,3.0,0.0,0.0,1.0,0.0,1.0,3.0,1.0,0.0,0.0,0.0,1.0,1.0,0.0,0.0,0.0,0.0,0.0,0.0,0.0,0.0,0.0,0.0,4.0,0.0,4.0,1.0,1.0,0.0,0.0,0.9502623117980206,0.9575175093297889,0.0,0.0,0.0,11.0,7.090909090909091,24.0,1.0,1.0,3.0,0.0,1.0,0.0,0.0,0.0,0.0,0.0,0.0,0.0,0.0,0.0,0.0,0.0,0.0,0.0,0.0,0.0,0.0,0.0,0.0,0.0,0.0,0.0,0.0,0.0,0.0,1.0,0.0,0.0,0.0,0.0,0.0,0.0,0.0,0.0,0.0,0.0,0.0,0.0,0.0,0.0,0.0,0.0,0.0,0.0,0.0,0.0,0.0,0.0,0.0,0.0,0.0,0.0,0.0,0.0,0.0,0.0,0.0,0.0,0.0,0.0,0.0,0.0,0.0,0.0,0.0,0.0,0.0,0.0,1.0,0.0,0.0,0.0,0.0,0.0,0.0,0.0,0.0,0.0,0.0,0.0,0.0,0.0,0.0,0.0,0.0,0.0,0.0,0.0,0.0,0.0,0.0,0.0,0.0,0.0,0.0,0.0,0.0,0.0,0.0,0.0,0.0,0.0,0.0,0.0,0.0,0.0,0.0,1.0,0.0,0.0,0.0,0.0,0.0,0.0,0.0,0.0,0.0,0.0,0.0,0.0,0.0,228.0,1.0,9767981.0,0.0,0.0,-1.0,-1.0,-1.0
https://lpsbwg.cn/gRIIauHwJG.html?HVtEWzRdxTfcVGvBHJLnLk0MJLbhUvgFCdg*sE*RDCfGVhBIn|NUHYGV,en,1,1.0,0.0,0.0,1.0,92.0,0.0,0.0,0.0,0.0,0.0,0.0,0.0,0.0,0.0,0.0,0.0,3.0,0.0,1.0,1.0,0.0,0.0,2.0,1.0,2.0,0.0,0.0,1.0,0.0,0.021739130434782608,2.0,0.0,1.0,0.0,1.0,0.0,0.0,0.0,1.0,5.0,1.0,4.0,1.0,0.0,1.0,0.0,0.9300946312090936,0.9437808546238585,0.0,0.0,0.0,7.0,10.714285714285714,24.0,3.0,0.0,2.0,0.0,1.0,0.0,0.0,0.0,0.0,0.0,0.0,0.0,0.0,0.0,0.0,0.0,0.0,0.0,0.0,0.0,0.0,0.0,0.0,0.0,0.0,0.0,0.0,0.0,0.0,1.0,0.0,0.0,0.0,0.0,0.0,0.0,0.0,0.0,0.0,0.0,0.0,0.0,0.0,0.0,0.0,0.0,0.0,0.0,0.0,0.0,0.0,0.0,0.0,0.0,0.0,0.0,0.0,0.0,0.0,0.0,0.0,0.0,0.0,0.0,0.0,0.0,0.0,0.0,0.0,0.0,0.0,0.0,1.0,0.0,0.0,0.0,0.0,0.0,0.0,0.0,0.0,0.0,0.0,0.0,0.0,0.0,0.0,0.0,0.0,0.0,0.0,0.0,0.0,0.0,0.0,0.0,0.0,0.0,0.0,0.0,0.0,0.0,0.0,0.0,0.0,0.0,0.0,0.0,0.0,0.0,0.0,1.0,0.0,0.0,0.0,0.0,0.0,0.0,0.0,0.0,0.0,0.0,0.0,0.0,0.0,1878.0,-1.0,-1.0,2.0,0.0,0.07123287897110854,364.0,2.0
http://cs.qisongapparel.com/aaroiubyyv.html?HVtEWzRdxTfcVGvBHJInIkOMJIbhUvgFCdgXsEXRDCfGVhBJniNHUYGV,en,1,1.0,0.0,0.0,1.0,100.0,0.0,0.0,0.0,0.0,0.0,0.0,0.0,0.0,0.0,0.0,0.0,3.0,0.0,0.0,1.0,0.0,0.0,3.0,1.0,0.0,0.0,0.0,1.0,1.0,0.0,0.0,0.0,0.0,0.0,0.0,0.0,0.0,0.0,1.0,5.0,1.0,4.0,3.0,1.0,2.0,0.0,0.7542165395291514,0.9994597634288857,0.0,0.0,0.0,12.0,7.083333333333333,24.0,1.0,0.0,3.0,0.0,1.0,0.0,0.0,0.0,0.0,0.0,0.0,0.0,0.0,0.0,0.0,0.0,0.0,0.0,0.0,0.0,0.0,0.0,0.0,0.0,0.0,0.0,0.0,0.0,0.0,1.0,0.0,0.0,0.0,0.0,0.0,0.0,0.0,0.0,0.0,0.0,0.0,0.0,0.0,0.0,0.0,0.0,0.0,0.0,0.0,0.0,0.0,0.0,0.0,0.0,0.0,0.0,0.0,0.0,0.0,0.0,0.0,0.0,0.0,0.0,0.0,0.0,0.0,0.0,0.0,0.0,0.0,0.0,1.0,0.0,0.0,0.0,0.0,0.0,0.0,0.0,0.0,0.0,0.0,0.0,0.0,0.0,0.0,0.0,0.0,0.0,0.0,0.0,0.0,0.0,0.0,0.0,0.0,0.0,0.0,0.0,0.0,0.0,0.0,0.0,0.0,0.0,0.0,0.0,0.0,0.0,0.0,1.0,0.0,0.0,0.0,0.0,0.0,0.0,0.0,0.0,0.0,0.0,0.0,0.0,0.0,975.0,1.0,-1.0,0.0,0.0,0.19125683664923715,365.0,2.0
http://sfhiit.com/hnffkjptnl.html?HVtEWzRdxTfcVGvBHJInIkOMJIbhUvgFCdgXsEXRRDCfGVhBJniNUHYGV,en,1,1.0,0.0,1.0,0.0,91.0,0.0,0.0,0.0,0.0,0.0,0.0,0.0,0.0,0.0,0.0,0.0,3.0,0.0,0.0,1.0,0.0,0.0,2.0,1.0,0.0,0.0,0.0,1.0,1.0,0.0,0.0,0.0,0.0,0.0,0.0,0.0,0.0,0.0,0.0,4.0,0.0,4.0,2.0,0.0,2.0,0.0,0.9859821735748324,0.9437808546238585,0.0,0.0,0.0,8.0,9.625,24.0,2.0,0.0,2.0,0.0,-1.0,0.0,0.0,0.0,0.0,0.0,0.0,0.0,0.0,0.0,0.0,0.0,0.0,0.0,0.0,0.0,0.0,0.0,0.0,0.0,0.0,0.0,0.0,0.0,0.0,1.0,0.0,0.0,0.0,0.0,0.0,0.0,0.0,0.0,0.0,0.0,0.0,0.0,0.0,0.0,0.0,0.0,0.0,0.0,0.0,0.0,0.0,0.0,0.0,0.0,0.0,0.0,0.0,0.0,0.0,0.0,0.0,0.0,0.0,0.0,0.0,0.0,0.0,0.0,0.0,0.0,0.0,0.0,1.0,0.0,0.0,0.0,0.0,0.0,0.0,0.0,0.0,0.0,0.0,0.0,0.0,0.0,0.0,0.0,0.0,0.0,0.0,0.0,0.0,0.0,0.0,0.0,0.0,0.0,0.0,0.0,0.0,0.0,0.0,0.0,0.0,0.0,0.0,0.0,0.0,0.0,0.0,1.0,0.0,0.0,0.0,0.0,0.0,0.0,0.0,0.0,0.0,0.0,0.0,0.0,0.0,30.0,1.0,-1.0,2.0,0.0,-1.0,-1.0,-1.0
"https://services.runescape.com-vzla.ru/m=weblogin/loginform464,181,661,73995946,2167",en,1,1.0,1.0,0.0,1.0,84.0,0.0,0.0,0.0,0.0,0.0,4.0,0.0,0.0,0.0,0.0,0.0,4.0,1.0,0.0,0.0,0.0,1.0,3.0,1.0,0.0,0.0,0.0,1.0,0.0,0.25,21.0,2.0,0.0,1.0,1.0,0.0,0.0,0.0,0.0,1.0,0.0,1.0,2.0,0.0,2.0,0.0,0.9231889985174582,0.9994597634288857,0.0,1.0,0.0,11.0,5.7272727272727275,21.0,1.0,1.0,3.0,0.0,0.6418338108882522,0.0,0.0,0.0,0.0,0.0,0.0,0.0,0.0,0.0,0.0,0.0,1.0,0.0,0.0,0.0,0.0,0.0,0.0,0.0,0.0,0.0,0.0,0.0,0.0,1.0,0.0,0.0,0.0,0.0,0.0,0.0,0.0,0.0,0.0,0.0,0.0,0.0,0.0,0.0,0.0,0.0,0.0,0.0,0.0,0.0,0.0,0.0,0.0,0.0,0.0,0.0,0.0,0.0,0.0,0.0,0.0,0.0,0.0,0.0,0.0,0.0,0.0,0.0,0.0,0.0,0.0,0.0,1.0,0.0,0.0,0.0,0.0,0.0,0.0,0.0,0.0,0.0,0.0,0.0,1.0,0.0,0.0,0.0,0.0,0.0,0.0,0.0,0.0,0.0,0.0,0.0,0.0,0.0,0.0,0.0,0.0,0.0,0.0,0.0,0.0,0.0,0.0,0.0,0.0,0.0,0.0,1.0,0.0,0.0,0.0,0.0,0.0,0.0,0.0,0.0,0.0,0.0,0.0,0.0,0.0,331.0,1.0,-1.0,0.0,0.0,0.09117335390946502,90.0,3.0
https://monaiinteriors.com/vendor/service/,en,1,0.0036686619038424407,0.0,0.0,1.0,30.0,0.0,0.0,0.0,0.0,0.0,0.0,0.0,0.0,0.0,0.0,0.0,4.0,0.0,0.0,0.0,0.0,0.0,2.0,1.0,0.0,0.0,0.0,1.0,0.0,0.0,0.0,1.0,0.0,0.0,0.0,0.0,3.0,2.0,0.0,0.0,0.0,0.0,1.0,1.0,0.0,0.0,0.9998632137582089,0.9923427338181185,1.0,0.0,0.0,4.0,3.75,6.0,2.0,0.0,2.0,0.0,-1.0,0.0,0.0,62.0,0.7096774193548387,0.2903225806451613,0.0,0.0,1.0,0.0,0.0,0.3333333333333333,0.6666666666666666,0.0,1.0,0.0,0.0,0.0,0.0,0.0,0.9523809523809523,0.047619047619047616,0.0,1.0,0.0,0.0,0.0,0.0,0.05263157894736842,0.9473684210526315,0.0,0.0,0.0,0.0,1.0,1.0,0.0,36.0,0.0,0.0,0.0,0.0,0.0,0.0,0.0,0.0,0.0,0.0,0.0,0.0,0.0,0.0,0.0,0.0,0.0,0.0,0.0,0.0,0.0,0.0,0.0,0.0,0.0,0.0,0.0,0.0,0.0,0.0,1.0,0.0,0.0,0.0,0.0,0.0,0.0,0.0,0.0,0.0,0.0,0.0,813.0,0.0,0.0,0.0,0.0,0.0,0.0,0.0,0.0,0.0,0.0,0.0,0.0,0.0,0.0,0.0,0.0,0.0,0.0,0.0,0.0,0.0,0.0,0.0,0.0,0.0,0.0,1.0,0.0,0.0,0.0,0.0,0.0,0.0,0.0,0.0,0.0,0.0,0.0,704.0,0.0,156.0,1.0,102.0,8.0,1.0,0.29974811083123426,397.0,1.0
http://masonlynne.com/prxqvhveeq.html?HVtEWzRdxTfcVGvBHJInIkOMJIbhUvgFCdgXsEXRDCfGVhBJniNUUHYGV,en,1,1.0,0.0,0.0,1.0,95.0,0.0,0.0,0.0,0.0,0.0,0.0,0.0,0.0,0.0,0.0,0.0,3.0,0.0,0.0,1.0,0.0,0.0,2.0,1.0,0.0,0.0,0.0,1.0,1.0,0.0,0.0,0.0,0.0,0.0,0.0,0.0,0.0,0.0,1.0,5.0,1.0,4.0,3.0,1.0,2.0,0.0,0.9915081995752718,0.9437808546238585,0.0,0.0,0.0,7.0,11.571428571428571,24.0,4.0,0.0,2.0,0.0,1.0,0.0,0.0,0.0,0.0,0.0,0.0,0.0,0.0,0.0,0.0,0.0,0.0,0.0,0.0,0.0,0.0,0.0,0.0,0.0,0.0,0.0,0.0,0.0,0.0,1.0,0.0,0.0,0.0,0.0,0.0,0.0,0.0,0.0,0.0,0.0,0.0,0.0,0.0,0.0,0.0,0.0,0.0,0.0,0.0,0.0,0.0,0.0,0.0,0.0,0.0,0.0,0.0,0.0,0.0,0.0,0.0,0.0,0.0,0.0,0.0,0.0,0.0,0.0,0.0,0.0,0.0,0.0,1.0,0.0,0.0,0.0,0.0,0.0,0.0,0.0,0.0,0.0,0.0,0.0,0.0,0.0,0.0,0.0,0.0,0.0,0.0,0.0,0.0,0.0,0.0,0.0,0.0,0.0,0.0,0.0,0.0,0.0,0.0,0.0,0.0,0.0,0.0,0.0,0.0,0.0,0.0,1.0,0.0,0.0,0.0,0.0,0.0,0.0,0.0,0.0,0.0,0.0,0.0,0.0,0.0,336.0,1.0,-1.0,0.0,0.0,0.0659340743200644,90.0,8.0
https://kutt.it/zPFKTL,en,1,0.8309859154929577,0.0,0.0,1.0,16.0,0.0,0.0,0.0,0.0,0.0,0.0,0.0,0.0,0.0,0.0,0.0,3.0,0.0,0.0,0.0,0.0,0.0,1.0,1.0,0.0,0.0,0.0,1.0,0.0,0.0,0.0,0.0,0.0,0.0,0.0,0.0,1.0,0.0,0.0,0.0,0.0,0.0,0.0,0.0,0.0,0.0,0.9969603057379756,0.0,0.0,0.0,0.0,2.0,2.0,3.0,1.0,0.0,1.0,-1.0,-1.0,1.0,0.0,47.0,0.851063829787234,0.14893617021276595,0.0,0.0,1.0,0.0,0.8235294117647058,0.058823529411764705,0.11764705882352941,0.0,1.0,0.0,0.0,0.0,0.0,0.0,0.045454545454545456,0.9545454545454546,0.0,1.0,0.0,0.0,0.16666666666666666,0.8333333333333334,0.9375,0.0625,0.0,0.0,0.0,0.0,1.0,1.0,0.0,14.0,0.0,0.0,0.0,0.0,0.0,0.0,0.0,0.0,0.0,0.0,0.0,0.0,0.0,0.0,0.0,0.0,0.0,0.0,0.0,0.0,0.0,0.0,0.0,0.0,0.0,0.0,0.0,0.0,0.0,0.0,1.0,0.0,0.0,0.0,0.0,0.0,0.0,0.0,0.0,0.0,0.0,0.0,1573.0,0.0,0.0,0.0,0.0,0.0,0.0,0.0,0.0,0.0,0.0,0.0,0.0,0.0,0.0,0.0,0.0,0.0,0.0,0.0,0.0,0.0,0.0,0.0,0.0,0.0,0.0,1.0,0.0,0.0,0.0,0.0,0.0,0.0,0.0,0.0,0.0,0.0,0.0,1.0,0.0,310.0,1.0,287237.0,5.0,1.0,-1.0,-1.0,-1.0
http://pathtotheinnerartist.com/wp-includes/index.html?HVtEWzRdxTfcVGvBHIInLkOMIIbhUvgFCdgXsE*RDCfGVhBIniNUHYGV,en,1,1.0,0.0,1.0,0.0,111.0,0.0,0.0,0.0,0.0,0.0,0.0,0.0,0.0,0.0,0.0,0.0,4.0,0.0,0.0,1.0,0.0,1.0,2.0,1.0,1.0,0.0,0.0,1.0,1.0,0.0,0.0,2.0,0.0,0.0,0.0,0.0,0.0,0.0,0.0,3.0,0.0,3.0,3.0,1.0,2.0,0.0,0.0,0.9993285039039346,0.0,0.0,0.0,15.0,6.266666666666667,24.0,1.0,1.0,2.0,0.0,-1.0,0.0,0.0,0.0,0.0,0.0,0.0,0.0,0.0,0.0,0.0,0.0,0.0,0.0,0.0,0.0,0.0,0.0,0.0,0.0,0.0,0.0,0.0,0.0,0.0,1.0,0.0,0.0,0.0,0.0,0.0,0.0,0.0,0.0,0.0,0.0,0.0,0.0,0.0,0.0,0.0,0.0,0.0,0.0,0.0,0.0,0.0,0.0,0.0,0.0,0.0,0.0,0.0,0.0,0.0,0.0,0.0,0.0,0.0,0.0,0.0,0.0,0.0,0.0,0.0,0.0,0.0,0.0,1.0,0.0,0.0,0.0,0.0,0.0,0.0,0.0,0.0,0.0,0.0,0.0,0.0,0.0,0.0,0.0,0.0,0.0,0.0,0.0,0.0,0.0,0.0,0.0,0.0,0.0,0.0,0.0,0.0,0.0,0.0,0.0,0.0,0.0,0.0,0.0,0.0,0.0,0.0,1.0,0.0,0.0,0.0,0.0,0.0,0.0,0.0,0.0,0.0,0.0,0.0,0.0,0.0,164.0,1.0,-1.0,0.0,0.0,-1.0,-1.0,-1.0
http://benl.cn/pgKPXBOScW.html?HVtEWzRdxTfcVGvBHJInIkOMMJIbhUvgFCdgXsEXRDCfGVhBJniNUHYGV,en,1,1.0,0.0,0.0,1.0,88.0,0.0,0.0,0.0,0.0,0.0,0.0,0.0,0.0,0.0,0.0,0.0,3.0,0.0,0.0,1.0,0.0,0.0,2.0,1.0,0.0,0.0,0.0,1.0,1.0,0.0,0.0,0.0,0.0,0.0,0.0,0.0,0.0,0.0,0.0,4.0,0.0,4.0,0.0,0.0,0.0,0.0,0.9974286949901694,0.9437808546238585,0.0,0.0,0.0,7.0,10.714285714285714,24.0,2.0,0.0,2.0,100.0,1.0,0.0,0.0,0.0,0.0,0.0,0.0,0.0,0.0,0.0,0.0,0.0,0.0,0.0,0.0,0.0,0.0,0.0,0.0,0.0,0.0,0.0,0.0,0.0,0.0,1.0,0.0,0.0,0.0,0.0,0.0,0.0,0.0,0.0,0.0,0.0,0.0,0.0,0.0,0.0,0.0,0.0,0.0,0.0,0.0,0.0,0.0,0.0,0.0,0.0,0.0,0.0,0.0,0.0,0.0,0.0,0.0,0.0,0.0,0.0,0.0,0.0,0.0,0.0,0.0,0.0,0.0,0.0,1.0,0.0,0.0,0.0,0.0,0.0,0.0,0.0,0.0,0.0,0.0,0.0,0.0,0.0,0.0,0.0,0.0,0.0,0.0,0.0,0.0,0.0,0.0,0.0,0.0,0.0,0.0,0.0,0.0,0.0,0.0,0.0,0.0,0.0,0.0,0.0,0.0,0.0,0.0,1.0,0.0,0.0,0.0,0.0,0.0,0.0,0.0,0.0,0.0,0.0,0.0,0.0,0.0,3091.0,1.0,-1.0,0.0,0.0,-1.0,-1.0,-1.0
http://tyrecentre.ru/mtnSilNfKR.html?HVtEWzRdxTfcVGvBHJInIkOMJIbhUvgFCdgXsEXDRCfGVhBJniNUHYGV,en,1,1.0,0.0,0.0,0.0,93.0,0.0,0.0,0.0,0.0,0.0,0.0,0.0,0.0,0.0,0.0,0.0,3.0,0.0,0.0,1.0,0.0,0.0,2.0,1.0,0.0,0.0,0.0,1.0,1.0,0.0,0.0,0.0,0.0,0.0,0.0,0.0,0.0,0.0,1.0,5.0,1.0,4.0,0.0,0.0,0.0,0.0,0.9818834221983346,0.9575175093297889,0.0,0.0,0.0,9.0,8.88888888888889,24.0,2.0,0.0,2.0,-1.0,1.0,0.0,0.0,0.0,0.0,0.0,0.0,0.0,0.0,0.0,0.0,0.0,0.0,0.0,0.0,0.0,0.0,0.0,0.0,0.0,0.0,0.0,0.0,0.0,0.0,1.0,0.0,0.0,0.0,0.0,0.0,0.0,0.0,0.0,0.0,0.0,0.0,0.0,0.0,0.0,0.0,0.0,0.0,0.0,0.0,0.0,0.0,0.0,0.0,0.0,0.0,0.0,0.0,0.0,0.0,0.0,0.0,0.0,0.0,0.0,0.0,0.0,0.0,0.0,0.0,0.0,0.0,0.0,1.0,0.0,0.0,0.0,0.0,0.0,0.0,0.0,0.0,0.0,0.0,0.0,0.0,0.0,0.0,0.0,0.0,0.0,0.0,0.0,0.0,0.0,0.0,0.0,0.0,0.0,0.0,0.0,0.0,0.0,0.0,0.0,0.0,0.0,0.0,0.0,0.0,0.0,0.0,1.0,0.0,0.0,0.0,0.0,0.0,0.0,0.0,0.0,0.0,0.0,0.0,0.0,0.0,174.0,1.0,-1.0,3.0,0.0,-1.0,-1.0,-1.0
http://suanews.com/XjOcXNIaxI.html?HVtEWzRdxTfcVGvBHJInIkOMJIbhvUgFCdgXsEXRDCfGVhBJniNUHYGV,en,1,1.0,0.0,0.0,1.0,91.0,0.0,0.0,0.0,0.0,0.0,0.0,0.0,0.0,0.0,0.0,0.0,3.0,0.0,0.0,1.0,0.0,0.0,2.0,1.0,0.0,0.0,0.0,1.0,1.0,0.0,0.0,0.0,0.0,0.0,0.0,0.0,0.0,0.0,1.0,5.0,1.0,4.0,0.0,0.0,0.0,0.0,0.9995806603597617,0.9437808546238585,0.0,0.0,0.0,7.0,11.0,24.0,3.0,0.0,2.0,0.0,1.0,0.0,0.0,0.0,0.0,0.0,0.0,0.0,0.0,0.0,0.0,0.0,0.0,0.0,0.0,0.0,0.0,0.0,0.0,0.0,0.0,0.0,0.0,0.0,0.0,1.0,0.0,0.0,0.0,0.0,0.0,0.0,0.0,0.0,0.0,0.0,0.0,0.0,0.0,0.0,0.0,0.0,0.0,0.0,0.0,0.0,0.0,0.0,0.0,0.0,0.0,0.0,0.0,0.0,0.0,0.0,0.0,0.0,0.0,0.0,0.0,0.0,0.0,0.0,0.0,0.0,0.0,0.0,1.0,0.0,0.0,0.0,0.0,0.0,0.0,0.0,0.0,0.0,0.0,0.0,0.0,0.0,0.0,0.0,0.0,0.0,0.0,0.0,0.0,0.0,0.0,0.0,0.0,0.0,0.0,0.0,0.0,0.0,0.0,0.0,0.0,0.0,0.0,0.0,0.0,0.0,0.0,1.0,0.0,0.0,0.0,0.0,0.0,0.0,0.0,0.0,0.0,0.0,0.0,0.0,0.0,2105.0,1.0,-1.0,4.0,0.0,0.54945061933387,90.0,10.0
https://service-secure-payment.000webhostapp.com/,en,1,0.28378378378378377,0.0,0.0,0.0,59.0,0.0,0.0,0.0,0.0,0.0,0.0,0.0,0.0,0.0,0.0,0.0,3.0,0.0,0.0,0.0,0.0,2.0,3.0,1.0,0.0,0.0,0.0,1.0,0.0,0.05084745762711865,3.0,2.0,0.0,0.0,0.0,0.0,1.0,0.0,0.0,0.0,0.0,0.0,2.0,2.0,0.0,0.0,0.9957015959776555,0.9922377261981576,0.0,0.0,0.0,6.0,7.0,13.0,4.0,0.0,3.0,0.0,-1.0,1.0,0.0,20.0,0.36,0.44,0.2,0.0,1.0,0.0,0.0,0.1111111111111111,0.8888888888888888,1.0,0.0,0.0,0.0,0.0,0.0,0.0,1.0,0.0,0.0,0.0,1.0,0.0,0.75,0.25,0.0,1.0,0.0,0.0,0.0,0.0,0.0,0.0,0.0,25.0,0.0,0.0,0.0,0.0,0.0,0.0,0.0,0.0,0.0,0.0,0.0,0.0,0.0,0.0,0.0,0.0,0.0,0.0,0.0,0.0,0.0,0.0,0.0,0.0,0.0,0.0,0.0,0.0,0.0,0.0,1.0,0.0,0.0,0.0,0.0,0.0,0.0,0.0,0.0,0.0,0.0,0.0,117.0,0.0,0.0,0.0,0.0,0.0,0.0,0.0,0.0,0.0,0.0,0.0,0.0,0.0,0.0,0.0,0.0,0.0,0.0,0.0,0.0,0.0,0.0,0.0,0.0,0.0,0.0,1.0,0.0,0.0,0.0,0.0,0.0,0.0,0.0,0.0,0.0,0.0,0.0,671.0,0.0,457.0,1.0,6055.0,4.0,0.0,-1.0,-1.0,-1.0
https://chase.com.online-radius.com/,en,1,0.6363636363636364,0.0,0.0,1.0,61.0,0.0,0.0,0.0,0.0,0.0,0.0,0.0,0.0,0.0,0.0,0.0,4.0,0.0,0.0,0.0,0.0,2.0,4.0,1.0,0.0,0.0,0.0,1.0,0.0,0.0,0.0,1.0,0.0,1.0,1.0,0.0,1.0,0.0,0.0,0.0,0.0,0.0,0.0,0.0,0.0,0.0,0.9967309469891138,0.9896940547725273,0.0,1.0,0.0,9.0,4.666666666666667,9.0,3.0,1.0,4.0,0.0,-1.0,0.0,0.0,2.0,0.0,1.0,0.0,0.0,0.5,0.5,0.0,0.0,0.0,0.0,0.0,0.0,0.0,0.0,0.0,0.0,1.0,0.0,0.0,0.0,0.0,0.0,0.5,0.5,0.0,1.0,0.0,0.0,0.0,0.0,0.0,0.0,0.0,7.0,0.0,0.0,0.0,0.0,0.0,0.0,0.0,0.0,0.0,0.0,0.0,0.0,0.0,0.0,0.0,0.0,0.0,0.0,0.0,0.0,0.0,0.0,0.0,0.0,0.0,0.0,0.0,0.0,0.0,0.0,1.0,0.0,0.0,0.0,0.0,0.0,0.0,0.0,0.0,0.0,0.0,0.0,0.0,0.0,0.0,0.0,0.0,0.0,0.0,0.0,0.0,0.0,0.0,0.0,0.0,0.0,0.0,0.0,0.0,0.0,0.0,0.0,0.0,0.0,0.0,0.0,0.0,0.0,0.0,1.0,0.0,0.0,0.0,0.0,0.0,0.0,0.0,0.0,0.0,0.0,0.0,0.0,0.0,187.0,1.0,-1.0,3.0,0.0,0.0659340743200644,90.0,9.0
https://chase.com.online-radius.com/zdhzda=/,en,1,0.6363636363636364,0.0,0.0,1.0,61.0,0.0,0.0,0.0,0.0,0.0,0.0,0.0,0.0,0.0,0.0,0.0,4.0,0.0,0.0,0.0,0.0,2.0,4.0,1.0,0.0,0.0,0.0,1.0,0.0,0.0,0.0,1.0,0.0,1.0,1.0,0.0,1.0,0.0,0.0,0.0,0.0,0.0,0.0,0.0,0.0,0.0,0.9967309469891138,0.9896940547725273,0.0,1.0,0.0,9.0,4.666666666666667,9.0,3.0,1.0,4.0,0.0,-1.0,0.0,0.0,2.0,0.0,1.0,0.0,0.0,0.5,0.5,0.0,0.0,0.0,0.0,0.0,0.0,0.0,0.0,0.0,0.0,1.0,0.0,0.0,0.0,0.0,0.0,0.5,0.5,0.0,1.0,0.0,0.0,0.0,0.0,0.0,0.0,0.0,7.0,0.0,0.0,0.0,0.0,0.0,0.0,0.0,0.0,0.0,0.0,0.0,0.0,0.0,0.0,0.0,0.0,0.0,0.0,0.0,0.0,0.0,0.0,0.0,0.0,0.0,0.0,0.0,0.0,0.0,0.0,1.0,0.0,0.0,0.0,0.0,0.0,0.0,0.0,0.0,0.0,0.0,0.0,0.0,0.0,0.0,0.0,0.0,0.0,0.0,0.0,0.0,0.0,0.0,0.0,0.0,0.0,0.0,0.0,0.0,0.0,0.0,0.0,0.0,0.0,0.0,0.0,0.0,0.0,0.0,1.0,0.0,0.0,0.0,0.0,0.0,0.0,0.0,0.0,0.0,0.0,0.0,0.0,0.0,187.0,1.0,-1.0,3.0,0.0,0.0659340743200644,90.0,9.0
http://www.bit.ly/39Tso26,en,1,0.9,0.0,1.0,1.0,50.0,0.0,0.0,0.0,0.0,0.0,0.0,0.0,0.0,0.0,0.0,0.0,7.0,0.0,0.0,0.0,0.0,1.0,1.0,1.0,0.0,0.0,0.0,1.0,0.0,0.0,0.0,1.0,0.0,0.0,0.0,0.0,2.0,2.0,0.0,1.0,0.0,1.0,0.0,0.0,0.0,0.0,0.648569202094073,0.9994763435794058,0.0,0.0,0.0,8.0,4.0,7.0,2.0,1.0,1.0,0.0,1.0,0.0,0.0,2.0,0.0,1.0,0.0,0.0,0.0,0.0,0.0,0.0,0.0,0.0,0.0,0.0,0.0,0.0,0.0,0.0,0.0,0.0,0.0,0.0,0.0,0.0,0.0,1.0,0.0,0.0,0.0,0.0,0.0,0.0,0.0,0.0,0.0,10.0,0.0,0.0,0.0,0.0,0.0,0.0,0.0,0.0,0.0,0.0,0.0,0.0,0.0,0.0,0.0,0.0,0.0,0.0,0.0,0.0,0.0,0.0,0.0,0.0,0.0,0.0,0.0,0.0,0.0,0.0,1.0,0.0,0.0,0.0,0.0,0.0,0.0,0.0,0.0,0.0,0.0,0.0,0.0,0.0,0.0,0.0,0.0,0.0,0.0,0.0,0.0,0.0,0.0,0.0,0.0,0.0,0.0,0.0,0.0,0.0,0.0,0.0,0.0,0.0,0.0,0.0,0.0,0.0,0.0,1.0,0.0,0.0,0.0,0.0,0.0,0.0,0.0,0.0,0.0,0.0,0.0,0.0,0.0,76.0,1.0,-1.0,0.0,0.0,0.7824897400820794,365.0,2.0
https://www.review-payeeonline.com/Login.php,en,1,0.1919191919191919,0.0,0.0,1.0,44.0,0.0,0.0,0.0,0.0,0.0,0.0,0.0,0.0,0.0,0.0,0.0,3.0,0.0,0.0,0.0,0.0,1.0,3.0,1.0,0.0,0.0,0.0,1.0,0.0,0.0,0.0,1.0,0.0,0.0,0.0,0.0,0.0,0.0,1.0,1.0,1.0,0.0,2.0,2.0,0.0,0.0,0.0,0.9928207948247824,1.0,0.0,0.0,6.0,4.666666666666667,6.0,3.0,1.0,3.0,0.0,-1.0,2.0,0.0,26.0,0.3448275862068966,0.5517241379310345,0.10344827586206896,0.25,0.0,0.75,0.5,0.0,0.5,0.0,1.0,0.0,0.0,0.0,0.0,0.0,0.0,1.0,0.0,1.0,0.0,0.0,0.1111111111111111,0.8888888888888888,1.0,0.0,0.0,0.0,0.0,0.0,0.0,0.0,0.0,14.0,0.0,0.0,0.0,0.0,0.0,0.0,0.0,0.0,0.0,0.0,0.0,0.0,0.0,0.0,0.0,0.0,0.0,0.0,0.0,0.0,0.0,0.0,0.0,0.0,0.0,0.0,0.0,0.0,0.0,0.0,1.0,0.0,0.0,0.0,0.0,0.0,0.0,0.0,0.0,0.0,0.0,0.0,496.0,0.0,0.0,0.0,0.0,0.0,0.0,0.0,0.0,0.0,0.0,0.0,0.0,0.0,0.0,0.0,0.0,0.0,0.0,0.0,0.0,0.0,0.0,0.0,0.0,0.0,0.0,1.0,0.0,0.0,0.0,0.0,0.0,0.0,0.0,0.0,0.0,0.0,0.0,0.0,0.0,364.0,1.0,-1.0,0.0,0.0,0.002732240523560531,365.0,2.0
https://www.payee-denied.com/Login.php,en,1,0.1919191919191919,0.0,0.0,1.0,38.0,0.0,0.0,0.0,0.0,0.0,0.0,0.0,0.0,0.0,0.0,0.0,3.0,0.0,0.0,0.0,0.0,1.0,3.0,1.0,0.0,0.0,0.0,1.0,0.0,0.0,0.0,2.0,0.0,0.0,0.0,0.0,0.0,0.0,1.0,1.0,1.0,0.0,2.0,2.0,0.0,0.0,0.0,0.9928207948247824,1.0,0.0,0.0,5.0,4.4,6.0,3.0,1.0,3.0,0.0,0.133009896314106,2.0,0.0,26.0,0.3448275862068966,0.5517241379310345,0.10344827586206896,0.25,0.0,0.75,0.5,0.0,0.5,0.0,1.0,0.0,0.0,0.0,0.0,0.0,0.0,1.0,0.0,1.0,0.0,0.0,0.1111111111111111,0.8888888888888888,1.0,0.0,0.0,0.0,0.0,0.0,0.0,0.0,0.0,14.0,0.0,0.0,0.0,0.0,0.0,0.0,0.0,0.0,0.0,0.0,0.0,0.0,0.0,0.0,0.0,0.0,0.0,0.0,0.0,0.0,0.0,0.0,0.0,0.0,0.0,0.0,0.0,0.0,0.0,0.0,1.0,0.0,0.0,0.0,0.0,0.0,0.0,0.0,0.0,0.0,0.0,0.0,496.0,0.0,0.0,0.0,0.0,0.0,0.0,0.0,0.0,0.0,0.0,0.0,0.0,0.0,0.0,0.0,0.0,0.0,0.0,0.0,0.0,0.0,0.0,0.0,0.0,0.0,0.0,1.0,0.0,0.0,0.0,0.0,0.0,0.0,0.0,0.0,0.0,0.0,0.0,0.0,0.0,364.0,1.0,-1.0,0.0,0.0,0.002732240523560531,365.0,2.0
https://www.o2updatebilling.live/Login/index?id=6c7e406eb8db0e3337dd900d7615fc936c7e406eb8db0e3337dd900d7615fc93&amp;session=6c7e406eb8db0e3337dd900d7615fc936c7e406eb8db0e3337dd900d7615fc93,en,1,0.12612612612612611,1.0,0.0,1.0,189.0,0.0,0.0,0.0,0.0,0.0,0.0,0.0,1.0,0.0,1.0,0.0,4.0,2.0,0.0,1.0,0.0,0.0,2.0,1.0,0.0,0.0,0.0,1.0,0.0,0.42857142857142855,81.0,1.0,0.0,0.0,0.0,0.0,0.0,0.0,0.0,6.0,0.0,6.0,15.0,2.0,13.0,0.0,0.0,0.9948366647921886,1.0,0.0,0.0,15.0,11.2,24.0,2.0,0.0,2.0,0.0,-1.0,7.0,0.0,276.0,0.014388489208633094,0.9784172661870504,0.007194244604316547,0.0,1.0,0.0,0.0,0.7083333333333334,0.2916666666666667,1.0,0.0,0.0,0.0,0.0,0.0,0.0,1.0,0.0,0.0,0.0,1.0,0.0,0.07692307692307693,0.9230769230769231,0.0,1.0,0.0,0.0,0.0,0.0,0.0,0.0,0.0,127.0,0.0,0.0,0.0,0.0,0.0,0.0,0.0,0.0,0.0,0.0,0.0,0.0,0.0,0.0,0.0,0.0,0.0,0.0,0.0,0.0,0.0,0.0,0.0,0.0,0.0,0.0,0.0,0.0,0.0,0.0,1.0,0.0,0.0,0.0,0.0,0.0,0.0,0.0,0.0,0.0,0.0,0.0,19.0,0.0,0.0,0.0,0.0,0.0,0.0,0.0,0.0,0.0,0.0,0.0,0.0,0.0,0.0,0.0,0.0,0.0,0.0,0.0,0.0,0.0,0.0,0.0,0.0,0.0,0.0,1.0,0.0,0.0,0.0,0.0,0.0,0.0,0.0,0.0,0.0,0.0,0.0,14036.0,0.0,0.0,-1.0,-1.0,0.0,0.0,0.013661202617802654,365.0,2.0
https://www.dreamcalzature.it/.well-known/acme-challenge/sapo/Account,en,1,0.11258278145695365,0.0,0.0,1.0,69.0,0.0,0.0,0.0,0.0,0.0,0.0,0.0,0.0,0.0,0.0,0.0,6.0,0.0,0.0,0.0,0.0,2.0,3.0,1.0,0.0,0.0,0.0,1.0,0.0,0.0,0.0,0.0,0.0,0.0,0.0,0.0,0.0,0.0,1.0,2.0,2.0,0.0,4.0,1.0,3.0,0.0,0.845454344483024,0.998009000258374,1.0,0.0,0.0,10.0,5.0,9.0,3.0,1.0,3.0,0.0,0.12224896836313617,13.0,0.0,15.0,0.30434782608695654,0.021739130434782608,0.6739130434782609,1.0,0.0,0.0,0.6666666666666666,0.16666666666666666,0.16666666666666666,0.0,1.0,0.0,0.0,0.0,0.0,1.0,0.0,1.0,0.0,1.0,0.0,0.0,1.0,0.0,0.9,0.1,0.0,0.0,0.0,0.0,0.0,0.0,0.0,19.0,0.0,0.0,0.0,0.0,0.0,0.0,0.0,0.0,0.0,0.0,0.0,0.0,0.0,0.0,0.0,0.0,0.0,0.0,0.0,0.0,0.0,0.0,0.0,0.0,0.0,0.0,0.0,0.0,0.0,0.0,1.0,0.0,0.0,0.0,0.0,0.0,0.0,0.0,0.0,0.0,0.0,0.0,5046.0,0.0,0.0,0.0,0.0,0.0,0.0,0.0,0.0,0.0,0.0,0.0,0.0,0.0,0.0,0.0,0.0,0.0,0.0,0.0,0.0,0.0,0.0,0.0,0.0,0.0,0.0,1.0,0.0,0.0,0.0,0.0,0.0,0.0,0.0,0.0,0.0,0.0,0.0,98.0,0.0,185.0,1.0,-1.0,3.0,0.0,-1.0,-1.0,-1.0
https://texasprimeathletics.com/verif/banks/TD/?sessionid=3D5e639134cbdf89=,en,1,0.08825093035619351,1.0,0.0,1.0,75.0,0.0,0.0,0.0,0.0,0.0,0.0,0.0,0.0,0.0,0.0,0.0,6.0,2.0,0.0,1.0,0.0,0.0,1.0,1.0,0.0,0.0,0.0,1.0,0.0,0.13333333333333333,10.0,2.0,0.0,0.0,0.0,0.0,0.0,0.0,0.0,1.0,0.0,1.0,1.0,0.0,1.0,0.0,0.907856504323965,0.9995343741062263,0.0,0.0,0.0,9.0,6.222222222222222,16.0,2.0,0.0,1.0,0.0,1.0,8.0,0.0,153.0,0.2905027932960894,0.5642458100558659,0.1452513966480447,0.5,0.0,0.5,1.0,0.0,0.0,0.0,1.0,0.0,0.0,0.0,0.0,0.0,0.6666666666666666,0.3333333333333333,0.0,1.0,0.0,0.0,0.13043478260869565,0.8695652173913043,0.8888888888888888,0.1111111111111111,0.0,0.0,0.0,0.0,0.0,0.0,0.0,118.0,0.0,0.0,0.0,0.0,0.0,0.0,0.0,0.0,0.0,0.0,0.0,0.0,0.0,0.0,0.0,0.0,0.0,0.0,0.0,0.0,0.0,0.0,0.0,0.0,0.0,0.0,0.0,0.0,0.0,0.0,1.0,0.0,0.0,0.0,0.0,0.0,0.0,0.0,0.0,0.0,0.0,0.0,68.0,0.0,0.0,0.0,0.0,0.0,0.0,0.0,0.0,0.0,0.0,0.0,0.0,0.0,0.0,0.0,0.0,0.0,0.0,0.0,0.0,0.0,0.0,0.0,0.0,0.0,0.0,1.0,0.0,0.0,0.0,0.0,0.0,0.0,0.0,0.0,0.0,0.0,0.0,0.0,0.0,159.0,1.0,-1.0,0.0,0.0,-1.0,-1.0,-1.0
https://texasprimeathletics.com/verif/banks/Simplii/?sessionid=5e639134cbdf89db4243214a433b2426&amp;securessl=true,en,1,0.43622920517560076,1.0,0.0,1.0,114.0,0.0,0.0,0.0,0.0,0.0,0.0,0.0,1.0,0.0,1.0,0.0,6.0,2.0,0.0,1.0,0.0,0.0,1.0,1.0,0.0,0.0,0.0,1.0,0.0,0.20175438596491227,23.0,2.0,0.0,0.0,0.0,0.0,0.0,0.0,0.0,2.0,0.0,2.0,3.0,0.0,3.0,0.0,0.907856504323965,0.9948366647921886,0.0,0.0,0.0,15.0,6.2,24.0,1.0,0.0,1.0,0.0,1.0,3.0,0.0,29.0,0.24545454545454545,0.01818181818181818,0.7363636363636363,1.0,0.0,0.0,0.2,0.0,0.8,0.0,1.0,0.0,0.0,0.0,0.0,0.0,0.0,1.0,0.0,1.0,0.0,0.0,0.5,0.5,1.0,0.0,0.0,0.0,0.0,0.0,0.0,0.0,0.0,75.0,0.0,0.0,0.0,0.0,0.0,0.0,0.0,0.0,0.0,0.0,0.0,0.0,0.0,0.0,0.0,0.0,0.0,0.0,0.0,0.0,0.0,0.0,0.0,0.0,0.0,0.0,0.0,0.0,0.0,0.0,1.0,0.0,0.0,0.0,0.0,0.0,0.0,0.0,0.0,0.0,0.0,0.0,149.0,0.0,0.0,0.0,0.0,0.0,0.0,0.0,0.0,0.0,0.0,0.0,0.0,0.0,0.0,0.0,0.0,0.0,0.0,0.0,0.0,0.0,0.0,0.0,0.0,0.0,0.0,1.0,0.0,0.0,0.0,0.0,0.0,0.0,0.0,0.0,0.0,0.0,0.0,0.0,0.0,159.0,1.0,-1.0,0.0,0.0,-1.0,-1.0,-1.0
https://texasprimeathletics.com/verif/banks/Scotia/?sessionid=5e639134cbdf89db4243214a433b2426&amp;securessl=true,en,1,0.2835820895522388,1.0,0.0,1.0,113.0,0.0,0.0,0.0,0.0,0.0,0.0,0.0,1.0,0.0,1.0,0.0,6.0,2.0,0.0,1.0,0.0,0.0,1.0,1.0,0.0,0.0,0.0,1.0,0.0,0.20353982300884957,23.0,2.0,0.0,0.0,0.0,0.0,0.0,0.0,0.0,3.0,0.0,3.0,3.0,0.0,3.0,0.0,0.907856504323965,0.9948366647921886,0.0,0.0,0.0,14.0,6.571428571428571,24.0,2.0,0.0,1.0,0.0,1.0,2.0,0.0,12.0,0.23529411764705882,0.47058823529411764,0.29411764705882354,0.0,1.0,0.0,0.5,0.0,0.5,0.5,0.5,0.0,0.0,0.0,0.0,0.0,1.0,0.0,0.0,0.3333333333333333,0.6666666666666666,0.0,0.625,0.375,0.4,0.6,0.0,0.0,0.0,0.0,0.0,0.0,0.0,16.0,0.0,0.0,0.0,0.0,0.0,0.0,0.0,0.0,0.0,0.0,0.0,0.0,0.0,0.0,0.0,0.0,0.0,0.0,0.0,0.0,0.0,0.0,0.0,0.0,0.0,0.0,0.0,0.0,0.0,0.0,1.0,0.0,0.0,0.0,0.0,0.0,0.0,0.0,0.0,0.0,0.0,0.0,7473.0,0.0,0.0,0.0,0.0,0.0,0.0,0.0,0.0,0.0,0.0,0.0,0.0,0.0,0.0,0.0,0.0,0.0,0.0,0.0,0.0,0.0,0.0,0.0,0.0,0.0,0.0,1.0,0.0,0.0,0.0,0.0,0.0,0.0,0.0,0.0,0.0,0.0,0.0,0.0,0.0,159.0,1.0,-1.0,0.0,0.0,-1.0,-1.0,-1.0
https://texasprimeathletics.com/verif/banks/RBC/?sessionid=5e639134cbdf89db4243214a433b2426&amp;securessl=true,en,1,0.46867167919799496,1.0,0.0,1.0,110.0,0.0,0.0,0.0,0.0,0.0,0.0,0.0,1.0,0.0,1.0,0.0,6.0,2.0,0.0,1.0,0.0,0.0,1.0,1.0,0.0,0.0,0.0,1.0,0.0,0.20909090909090908,23.0,2.0,0.0,0.0,0.0,0.0,0.0,0.0,0.0,2.0,0.0,2.0,3.0,0.0,3.0,0.0,0.907856504323965,0.9989291986122414,0.0,0.0,0.0,14.0,6.357142857142857,24.0,2.0,0.0,1.0,0.0,1.0,3.0,0.0,108.0,0.5925925925925926,0.4074074074074074,0.0,0.9,0.0,0.1,0.6,0.0,0.4,0.0,1.0,0.0,0.0,0.0,0.0,1.0,0.18181818181818182,0.8181818181818182,0.0,1.0,0.0,0.0,0.3050847457627119,0.6949152542372882,0.9642857142857143,0.03571428571428571,0.0,0.0,0.0,0.0,0.0,0.0,0.0,39.0,0.0,0.0,0.0,0.0,0.0,0.0,0.0,0.0,0.0,0.0,0.0,0.0,0.0,0.0,0.0,0.0,0.0,0.0,0.0,0.0,0.0,0.0,0.0,0.0,0.0,0.0,0.0,0.0,0.0,0.0,1.0,0.0,0.0,0.0,0.0,0.0,0.0,0.0,0.0,0.0,0.0,0.0,660.0,0.0,0.0,0.0,0.0,0.0,0.0,0.0,0.0,0.0,0.0,0.0,0.0,0.0,0.0,0.0,0.0,0.0,0.0,0.0,0.0,0.0,0.0,0.0,0.0,0.0,0.0,1.0,0.0,0.0,0.0,0.0,0.0,0.0,0.0,0.0,0.0,0.0,0.0,0.0,0.0,159.0,1.0,-1.0,0.0,0.0,-1.0,-1.0,-1.0
https://texasprimeathletics.com/verif/banks/National/?securessl=true&amp;sessionid=5e639134cbdf89db4243214a433b2426,en,1,0.34837712519319936,1.0,0.0,1.0,115.0,0.0,0.0,0.0,0.0,0.0,0.0,0.0,1.0,0.0,1.0,0.0,6.0,2.0,0.0,1.0,0.0,0.0,1.0,1.0,0.0,0.0,0.0,1.0,0.0,0.2,23.0,2.0,0.0,0.0,0.0,0.0,0.0,0.0,0.0,2.0,0.0,2.0,3.0,0.0,3.0,0.0,0.907856504323965,0.9948366647921886,0.0,0.0,0.0,14.0,6.714285714285714,24.0,2.0,0.0,1.0,0.0,1.0,7.0,0.0,59.0,0.5932203389830508,0.4067796610169492,0.0,0.8,0.0,0.2,0.7894736842105263,0.0,0.21052631578947367,0.0,1.0,0.0,0.0,0.0,0.0,0.0,0.5,0.5,0.0,1.0,0.0,0.0,0.3888888888888889,0.6111111111111112,0.9047619047619048,0.09523809523809523,0.0,0.0,0.0,0.0,0.0,0.0,0.0,624.0,0.0,0.0,0.0,0.0,0.0,0.0,0.0,0.0,0.0,0.0,0.0,0.0,0.0,0.0,0.0,0.0,0.0,0.0,0.0,0.0,0.0,0.0,0.0,0.0,0.0,0.0,0.0,0.0,0.0,0.0,1.0,0.0,0.0,0.0,0.0,0.0,0.0,0.0,0.0,0.0,0.0,0.0,3470.0,0.0,0.0,0.0,0.0,0.0,0.0,0.0,0.0,0.0,0.0,0.0,0.0,0.0,0.0,0.0,0.0,0.0,0.0,0.0,0.0,0.0,0.0,0.0,0.0,0.0,0.0,1.0,0.0,0.0,0.0,0.0,0.0,0.0,0.0,0.0,0.0,0.0,0.0,0.0,0.0,159.0,1.0,-1.0,0.0,0.0,-1.0,-1.0,-1.0
https://texasprimeathletics.com/verif/banks/Meridian/?sessionid=5e639134cbdf89db4243214a433b2426&amp;securessl=true,en,1,0.8421052631578947,1.0,0.0,1.0,115.0,0.0,0.0,0.0,0.0,0.0,0.0,0.0,1.0,0.0,1.0,0.0,6.0,2.0,0.0,1.0,0.0,0.0,1.0,1.0,0.0,0.0,0.0,1.0,0.0,0.2,23.0,2.0,0.0,0.0,0.0,0.0,0.0,0.0,0.0,3.0,0.0,3.0,3.0,0.0,3.0,0.0,0.907856504323965,0.9948366647921886,0.0,0.0,0.0,14.0,6.714285714285714,24.0,2.0,0.0,1.0,0.0,1.0,3.0,0.0,6.0,0.35294117647058826,0.0,0.6470588235294118,1.0,0.0,0.0,0.3333333333333333,0.0,0.6666666666666666,0.0,1.0,0.0,0.0,0.0,0.0,0.0,0.0,1.0,0.0,1.0,0.0,0.0,0.0,0.0,1.0,0.0,0.0,0.0,0.0,0.0,0.0,0.0,0.0,8.0,0.0,0.0,0.0,0.0,0.0,0.0,0.0,0.0,0.0,0.0,0.0,0.0,0.0,0.0,0.0,0.0,0.0,0.0,0.0,0.0,0.0,0.0,0.0,0.0,0.0,0.0,0.0,0.0,0.0,0.0,1.0,0.0,0.0,0.0,0.0,0.0,0.0,0.0,0.0,0.0,0.0,0.0,133.0,0.0,0.0,0.0,0.0,0.0,0.0,0.0,0.0,0.0,0.0,0.0,0.0,0.0,0.0,0.0,0.0,0.0,0.0,0.0,0.0,0.0,0.0,0.0,0.0,0.0,0.0,1.0,0.0,0.0,0.0,0.0,0.0,0.0,0.0,0.0,0.0,0.0,0.0,0.0,0.0,-5.0,1.0,-1.0,0.0,0.0,0.06430452674897119,90.0,2.0
https://texasprimeathletics.com/verif/banks/ATB/index.html,en,1,0.7936507936507936,0.0,0.0,1.0,58.0,0.0,0.0,0.0,0.0,0.0,0.0,0.0,0.0,0.0,0.0,0.0,6.0,0.0,0.0,0.0,0.0,0.0,2.0,1.0,0.0,0.0,0.0,1.0,0.0,0.0,0.0,3.0,0.0,0.0,0.0,0.0,0.0,0.0,0.0,0.0,0.0,0.0,0.0,0.0,0.0,0.0,0.907856504323965,0.9931275276094048,0.0,0.0,0.0,9.0,4.555555555555555,9.0,1.0,0.0,2.0,0.0,1.0,3.0,0.0,22.0,0.5,0.5,0.0,1.0,0.0,0.0,0.3333333333333333,0.0,0.6666666666666666,0.0,1.0,0.0,0.0,0.0,0.0,0.0,0.25,0.75,0.0,1.0,0.0,0.0,0.0,1.0,0.8333333333333334,0.16666666666666666,0.0,0.0,0.0,0.0,0.0,0.0,0.0,13.0,0.0,0.0,0.0,0.0,0.0,0.0,0.0,0.0,0.0,0.0,0.0,0.0,0.0,0.0,0.0,0.0,0.0,0.0,0.0,0.0,0.0,0.0,0.0,0.0,0.0,0.0,0.0,0.0,0.0,0.0,1.0,0.0,0.0,0.0,0.0,0.0,0.0,0.0,0.0,0.0,0.0,0.0,502.0,0.0,0.0,0.0,0.0,0.0,0.0,0.0,0.0,0.0,0.0,0.0,0.0,0.0,0.0,0.0,0.0,0.0,0.0,0.0,0.0,0.0,0.0,0.0,0.0,0.0,0.0,1.0,0.0,0.0,0.0,0.0,0.0,0.0,0.0,0.0,0.0,0.0,0.0,0.0,0.0,159.0,1.0,-1.0,0.0,0.0,0.06430452674897119,90.0,2.0
https://service-secure-payment.000webhostapp.com/login.html,en,1,0.28378378378378377,0.0,0.0,1.0,59.0,0.0,0.0,0.0,0.0,0.0,0.0,0.0,0.0,0.0,0.0,0.0,3.0,0.0,0.0,0.0,0.0,2.0,3.0,1.0,0.0,0.0,0.0,1.0,0.0,0.05084745762711865,3.0,2.0,0.0,0.0,0.0,0.0,0.0,0.0,0.0,0.0,0.0,0.0,2.0,2.0,0.0,0.0,0.9957015959776555,0.9922377261981576,0.0,0.0,0.0,6.0,7.0,13.0,4.0,0.0,3.0,0.0,-1.0,1.0,0.0,20.0,0.36,0.44,0.2,0.0,1.0,0.0,0.0,0.1111111111111111,0.8888888888888888,1.0,0.0,0.0,0.0,0.0,0.0,0.0,1.0,0.0,0.0,0.0,1.0,0.0,0.75,0.25,0.0,1.0,0.0,0.0,0.0,0.0,0.0,0.0,0.0,25.0,0.0,0.0,0.0,0.0,0.0,0.0,0.0,0.0,0.0,0.0,0.0,0.0,0.0,0.0,0.0,0.0,0.0,0.0,0.0,0.0,0.0,0.0,0.0,0.0,0.0,0.0,0.0,0.0,0.0,0.0,1.0,0.0,0.0,0.0,0.0,0.0,0.0,0.0,0.0,0.0,0.0,0.0,117.0,0.0,0.0,0.0,0.0,0.0,0.0,0.0,0.0,0.0,0.0,0.0,0.0,0.0,0.0,0.0,0.0,0.0,0.0,0.0,0.0,0.0,0.0,0.0,0.0,0.0,0.0,1.0,0.0,0.0,0.0,0.0,0.0,0.0,0.0,0.0,0.0,0.0,0.0,671.0,0.0,457.0,1.0,6055.0,4.0,0.0,-1.0,-1.0,-1.0
https://secure.login.aliexpress.com.coin-balance.com/entscheidung-817277406681628&amp;cgi3-viewkontakt-817277406681628-007acctpagetype-817277406681628_33445-gesendet&amp;jsmith_imaphost.com.html,en,1,1.0,1.0,1.0,1.0,194.0,0.0,0.0,0.0,0.0,0.0,0.0,0.0,2.0,0.0,2.0,0.0,3.0,0.0,0.0,0.0,2.0,7.0,7.0,1.0,0.0,0.0,0.0,1.0,0.0,0.27835051546391754,54.0,2.0,1.0,1.0,1.0,0.0,0.0,0.0,0.0,9.0,0.0,9.0,11.0,1.0,10.0,0.0,0.9403114581275207,0.9948366647921886,0.0,2.0,0.0,25.0,6.48,15.0,3.0,1.0,7.0,0.0,0.7578264949245074,0.0,0.0,1.0,1.0,0.0,0.0,0.0,0.0,0.0,0.5,0.0,0.5,0.0,0.0,0.0,0.0,0.0,0.0,0.0,0.0,0.0,0.0,0.0,0.0,1.0,0.0,0.0,1.0,0.0,0.0,0.0,0.0,0.0,0.0,0.0,0.0,0.0,0.0,0.0,0.0,0.0,0.0,0.0,0.0,0.0,0.0,0.0,0.0,0.0,0.0,0.0,0.0,0.0,0.0,0.0,0.0,0.0,0.0,0.0,0.0,0.0,0.0,0.0,0.0,0.0,0.0,0.0,1.0,0.0,0.0,0.0,0.0,0.0,0.0,0.0,0.0,0.0,0.0,0.0,26.0,0.0,0.0,0.0,0.0,0.0,0.0,0.0,0.0,0.0,0.0,0.0,0.0,0.0,0.0,0.0,0.0,0.0,0.0,0.0,0.0,0.0,0.0,0.0,0.0,0.0,0.0,1.0,0.0,0.0,0.0,0.0,0.0,0.0,0.0,0.0,0.0,0.0,0.0,0.0,0.0,-5.0,1.0,-1.0,0.0,0.0,0.21978024773354798,90.0,8.0
https://secure.login.aliexpress.com.coin-balance.com/entscheidung-817277406681628&amp;cgi3-viewkontakt-817277406681628-007acctpagetype-817277406681628_33445-gesendet&amp;ebay_aluminium-shop-pirmasens.com.html,en,1,1.0,1.0,0.0,1.0,208.0,0.0,0.0,0.0,0.0,0.0,0.0,0.0,2.0,0.0,2.0,0.0,3.0,0.0,0.0,0.0,2.0,9.0,7.0,1.0,0.0,0.0,0.0,1.0,0.0,0.25961538461538464,54.0,2.0,1.0,1.0,1.0,0.0,0.0,0.0,0.0,9.0,0.0,9.0,11.0,1.0,10.0,0.0,0.9403114581275207,0.9999461145108096,0.0,2.0,0.0,26.0,6.6923076923076925,15.0,3.0,1.0,7.0,0.0,0.7579117973215047,0.0,0.0,1.0,1.0,0.0,0.0,0.0,0.0,0.0,0.5,0.0,0.5,0.0,0.0,0.0,0.0,0.0,0.0,0.0,0.0,0.0,0.0,0.0,0.0,1.0,0.0,0.0,1.0,0.0,0.0,0.0,0.0,0.0,0.0,0.0,0.0,0.0,0.0,0.0,0.0,0.0,0.0,0.0,0.0,0.0,0.0,0.0,0.0,0.0,0.0,0.0,0.0,0.0,0.0,0.0,0.0,0.0,0.0,0.0,0.0,0.0,0.0,0.0,0.0,0.0,0.0,0.0,1.0,0.0,0.0,0.0,0.0,0.0,0.0,0.0,0.0,0.0,0.0,0.0,26.0,0.0,0.0,0.0,0.0,0.0,0.0,0.0,0.0,0.0,0.0,0.0,0.0,0.0,0.0,0.0,0.0,0.0,0.0,0.0,0.0,0.0,0.0,0.0,0.0,0.0,0.0,1.0,0.0,0.0,0.0,0.0,0.0,0.0,0.0,0.0,0.0,0.0,0.0,0.0,0.0,-5.0,-5.0,-1.0,0.0,0.0,0.21978024773354798,90.0,8.0
https://secure.login.aliexpress.com.coin-balance.com/entscheidung-8172...,en,1,1.0,0.0,0.0,1.0,73.0,0.0,0.0,0.0,0.0,0.0,0.0,0.0,0.0,0.0,0.0,0.0,3.0,0.0,0.0,0.0,0.0,2.0,8.0,1.0,0.0,0.0,0.0,1.0,0.0,0.0547945205479452,4.0,1.0,0.0,1.0,1.0,0.0,0.0,0.0,0.0,2.0,0.0,2.0,1.0,1.0,0.0,0.0,0.9403114581275207,0.0,0.0,1.0,0.0,9.0,5.666666666666667,12.0,3.0,1.0,8.0,0.0,0.7578264949245074,0.0,0.0,1.0,1.0,0.0,0.0,0.0,0.0,0.0,0.5,0.0,0.5,0.0,0.0,0.0,0.0,0.0,0.0,0.0,0.0,0.0,0.0,0.0,0.0,1.0,0.0,0.0,1.0,0.0,0.0,0.0,0.0,0.0,0.0,0.0,0.0,0.0,0.0,0.0,0.0,0.0,0.0,0.0,0.0,0.0,0.0,0.0,0.0,0.0,0.0,0.0,0.0,0.0,0.0,0.0,0.0,0.0,0.0,0.0,0.0,0.0,0.0,0.0,0.0,0.0,0.0,0.0,1.0,0.0,0.0,0.0,0.0,0.0,0.0,0.0,0.0,0.0,0.0,0.0,26.0,0.0,0.0,0.0,0.0,0.0,0.0,0.0,0.0,0.0,0.0,0.0,0.0,0.0,0.0,0.0,0.0,0.0,0.0,0.0,0.0,0.0,0.0,0.0,0.0,0.0,0.0,1.0,0.0,0.0,0.0,0.0,0.0,0.0,0.0,0.0,0.0,0.0,0.0,0.0,0.0,-5.0,-5.0,-1.0,0.0,0.0,0.21978024773354798,90.0,8.0
https://lloydsbank.cancellation-payee-auth.com/Login.php,en,1,0.19463087248322147,0.0,0.0,0.0,56.0,0.0,0.0,0.0,0.0,0.0,0.0,0.0,0.0,0.0,0.0,0.0,3.0,0.0,0.0,0.0,0.0,2.0,3.0,1.0,0.0,0.0,0.0,1.0,0.0,0.0,0.0,4.0,0.0,0.0,0.0,0.0,0.0,0.0,1.0,2.0,2.0,0.0,3.0,3.0,0.0,0.0,0.0,0.9928207948247824,0.0,0.0,0.0,7.0,5.571428571428571,12.0,3.0,0.0,3.0,0.0,0.13283768103485324,2.0,0.0,26.0,0.3448275862068966,0.5517241379310345,0.10344827586206896,0.25,0.0,0.75,0.5,0.0,0.5,0.0,1.0,0.0,0.0,0.0,0.0,0.0,0.0,1.0,0.0,1.0,0.0,0.0,0.1111111111111111,0.8888888888888888,1.0,0.0,0.0,0.0,0.0,0.0,0.0,0.0,0.0,16.0,0.0,0.0,0.0,0.0,0.0,0.0,0.0,0.0,0.0,0.0,0.0,0.0,0.0,0.0,0.0,0.0,0.0,0.0,0.0,0.0,0.0,0.0,0.0,0.0,0.0,0.0,0.0,0.0,0.0,0.0,1.0,0.0,0.0,0.0,0.0,0.0,0.0,0.0,0.0,0.0,0.0,0.0,496.0,0.0,0.0,0.0,0.0,0.0,0.0,0.0,0.0,0.0,0.0,0.0,0.0,0.0,0.0,0.0,0.0,0.0,0.0,0.0,0.0,0.0,0.0,0.0,0.0,0.0,0.0,1.0,0.0,0.0,0.0,0.0,0.0,0.0,0.0,0.0,0.0,0.0,0.0,0.0,0.0,-5.0,1.0,-1.0,0.0,0.0,-1.0,-1.0,-1.0
https://eleganti.com.ec/attribute/ap,en,1,0.1764455782312925,0.0,0.0,1.0,174.0,0.0,0.0,0.0,0.0,0.0,0.0,0.0,0.0,0.0,2.0,0.0,5.0,3.0,0.0,1.0,5.0,0.0,3.0,1.0,0.0,0.0,0.0,1.0,0.0,0.2471264367816092,43.0,1.0,0.0,0.0,0.0,0.0,2.0,0.0,0.0,6.0,0.0,6.0,8.0,0.0,8.0,0.0,0.9961900195783944,0.9955275043971941,0.0,0.0,0.0,19.0,7.578947368421052,24.0,1.0,0.0,3.0,1.0,0.18457681600762854,3.0,0.0,243.0,0.13333333333333333,0.8196078431372549,0.047058823529411764,0.0,1.0,0.0,0.0,0.4444444444444444,0.5555555555555556,1.0,0.0,0.0,0.0,0.0,0.0,0.0,1.0,0.0,0.0,0.0,1.0,0.0,0.06369426751592357,0.9363057324840764,0.0,1.0,0.0,0.0,0.0,0.0,0.0,0.0,0.0,130.0,0.0,0.0,0.0,0.0,0.0,0.0,0.0,0.0,0.0,0.0,0.0,0.0,0.0,0.0,0.0,0.0,0.0,0.0,0.0,0.0,0.0,0.0,0.0,0.0,0.0,0.0,0.0,0.0,0.0,0.0,1.0,0.0,0.0,0.0,0.0,0.0,0.0,0.0,0.0,0.0,0.0,0.0,38.0,0.0,0.0,0.0,0.0,0.0,0.0,0.0,0.0,0.0,0.0,0.0,0.0,0.0,0.0,0.0,0.0,0.0,0.0,0.0,0.0,0.0,0.0,0.0,0.0,0.0,0.0,1.0,0.0,0.0,0.0,0.0,0.0,0.0,0.0,0.0,0.0,0.0,0.0,1837.0,0.0,-5.0,-5.0,-1.0,0.0,0.0,-1.0,-1.0,-1.0
https://deronderiojfv.000webhostapp.com/login.php,en,1,0.24074074074074073,0.0,0.0,0.0,49.0,0.0,0.0,0.0,0.0,0.0,0.0,0.0,0.0,0.0,0.0,0.0,3.0,0.0,0.0,0.0,0.0,0.0,3.0,1.0,0.0,0.0,0.0,1.0,0.0,0.061224489795918366,3.0,3.0,0.0,0.0,0.0,0.0,0.0,0.0,0.0,1.0,1.0,0.0,2.0,2.0,0.0,0.0,0.9957015959776555,0.9928207948247824,0.0,0.0,0.0,4.0,8.5,13.0,3.0,0.0,3.0,0.0,-1.0,1.0,0.0,7.0,0.4166666666666667,0.16666666666666666,0.4166666666666667,1.0,0.0,0.0,0.6666666666666666,0.0,0.3333333333333333,1.0,0.0,0.0,0.0,0.0,0.0,0.0,0.0,1.0,0.0,0.0,1.0,0.0,0.8333333333333334,0.16666666666666666,1.0,0.0,0.0,0.0,0.0,0.0,0.0,0.0,0.0,16.0,0.0,0.0,0.0,0.0,0.0,0.0,0.0,0.0,0.0,0.0,0.0,0.0,0.0,0.0,0.0,0.0,0.0,0.0,0.0,0.0,0.0,0.0,0.0,0.0,0.0,0.0,0.0,0.0,0.0,0.0,1.0,0.0,0.0,0.0,0.0,0.0,0.0,0.0,0.0,0.0,0.0,0.0,88.0,0.0,0.0,0.0,0.0,0.0,0.0,0.0,0.0,0.0,0.0,0.0,0.0,0.0,0.0,0.0,0.0,0.0,0.0,0.0,0.0,0.0,0.0,0.0,0.0,0.0,0.0,1.0,0.0,0.0,0.0,0.0,0.0,0.0,0.0,0.0,0.0,0.0,0.0,0.0,0.0,457.0,1.0,6055.0,4.0,0.0,-1.0,-1.0,-1.0
https://chase.com.online-radius.com/myaccount/vbv.php?websrc=e17ea285ad581008aac6b89b49ab879e&amp;dispatched=96&amp;id=4171455873,en,1,0.6363636363636364,1.0,0.0,1.0,137.0,0.0,0.0,0.0,0.0,0.0,0.0,0.0,2.0,0.0,2.0,0.0,4.0,3.0,0.0,1.0,0.0,2.0,4.0,1.0,0.0,0.0,0.0,1.0,0.0,0.22627737226277372,31.0,1.0,0.0,1.0,1.0,0.0,1.0,0.0,0.0,4.0,0.0,4.0,3.0,0.0,3.0,0.0,0.9967309469891138,0.999502595484396,0.0,1.0,0.0,19.0,5.7894736842105265,24.0,2.0,1.0,4.0,0.0,-1.0,0.0,0.0,2.0,0.0,1.0,0.0,0.0,0.5,0.5,0.0,0.0,0.0,0.0,0.0,0.0,0.0,0.0,0.0,0.0,1.0,0.0,0.0,0.0,0.0,0.0,0.5,0.5,0.0,1.0,0.0,0.0,0.0,0.0,0.0,0.0,0.0,7.0,0.0,0.0,0.0,0.0,0.0,0.0,0.0,0.0,0.0,0.0,0.0,0.0,0.0,0.0,0.0,0.0,0.0,0.0,0.0,0.0,0.0,0.0,0.0,0.0,0.0,0.0,0.0,0.0,0.0,0.0,1.0,0.0,0.0,0.0,0.0,0.0,0.0,0.0,0.0,0.0,0.0,0.0,0.0,0.0,0.0,0.0,0.0,0.0,0.0,0.0,0.0,0.0,0.0,0.0,0.0,0.0,0.0,0.0,0.0,0.0,0.0,0.0,0.0,0.0,0.0,0.0,0.0,0.0,0.0,1.0,0.0,0.0,0.0,0.0,0.0,0.0,0.0,0.0,0.0,0.0,0.0,0.0,0.0,-5.0,1.0,-1.0,3.0,0.0,0.0659340743200644,90.0,9.0
https://chase.com.online-radius.com/myaccount/uploads/index.php?websrc=e17ea285ad581008aac6b89b49ab879e&amp;dispatched=36&amp;id=5551987156,en,1,0.6363636363636364,1.0,0.0,1.0,137.0,0.0,0.0,0.0,0.0,0.0,0.0,0.0,2.0,0.0,2.0,0.0,4.0,3.0,0.0,1.0,0.0,2.0,4.0,1.0,0.0,0.0,0.0,1.0,0.0,0.22627737226277372,31.0,1.0,0.0,1.0,1.0,0.0,1.0,0.0,0.0,4.0,0.0,4.0,3.0,0.0,3.0,0.0,0.9967309469891138,0.999502595484396,0.0,1.0,0.0,19.0,5.7894736842105265,24.0,2.0,1.0,4.0,0.0,-1.0,0.0,0.0,2.0,0.0,1.0,0.0,0.0,0.5,0.5,0.0,0.0,0.0,0.0,0.0,0.0,0.0,0.0,0.0,0.0,1.0,0.0,0.0,0.0,0.0,0.0,0.5,0.5,0.0,1.0,0.0,0.0,0.0,0.0,0.0,0.0,0.0,7.0,0.0,0.0,0.0,0.0,0.0,0.0,0.0,0.0,0.0,0.0,0.0,0.0,0.0,0.0,0.0,0.0,0.0,0.0,0.0,0.0,0.0,0.0,0.0,0.0,0.0,0.0,0.0,0.0,0.0,0.0,1.0,0.0,0.0,0.0,0.0,0.0,0.0,0.0,0.0,0.0,0.0,0.0,0.0,0.0,0.0,0.0,0.0,0.0,0.0,0.0,0.0,0.0,0.0,0.0,0.0,0.0,0.0,0.0,0.0,0.0,0.0,0.0,0.0,0.0,0.0,0.0,0.0,0.0,0.0,1.0,0.0,0.0,0.0,0.0,0.0,0.0,0.0,0.0,0.0,0.0,0.0,0.0,0.0,187.0,1.0,-1.0,3.0,0.0,-1.0,-1.0,-1.0
https://chase.com.online-radius.com/myaccount/billing.php?websrc=e17ea285ad581008aac6b89b49ab879e&amp;dispatched=54&amp;id=6227059646,en,1,0.6363636363636364,1.0,0.0,1.0,137.0,0.0,0.0,0.0,0.0,0.0,0.0,0.0,2.0,0.0,2.0,0.0,4.0,3.0,0.0,1.0,0.0,2.0,4.0,1.0,0.0,0.0,0.0,1.0,0.0,0.22627737226277372,31.0,1.0,0.0,1.0,1.0,0.0,1.0,0.0,0.0,4.0,0.0,4.0,3.0,0.0,3.0,0.0,0.9967309469891138,0.999502595484396,0.0,1.0,0.0,19.0,5.7894736842105265,24.0,2.0,1.0,4.0,0.0,-1.0,0.0,0.0,2.0,0.0,1.0,0.0,0.0,0.5,0.5,0.0,0.0,0.0,0.0,0.0,0.0,0.0,0.0,0.0,0.0,1.0,0.0,0.0,0.0,0.0,0.0,0.5,0.5,0.0,1.0,0.0,0.0,0.0,0.0,0.0,0.0,0.0,7.0,0.0,0.0,0.0,0.0,0.0,0.0,0.0,0.0,0.0,0.0,0.0,0.0,0.0,0.0,0.0,0.0,0.0,0.0,0.0,0.0,0.0,0.0,0.0,0.0,0.0,0.0,0.0,0.0,0.0,0.0,1.0,0.0,0.0,0.0,0.0,0.0,0.0,0.0,0.0,0.0,0.0,0.0,0.0,0.0,0.0,0.0,0.0,0.0,0.0,0.0,0.0,0.0,0.0,0.0,0.0,0.0,0.0,0.0,0.0,0.0,0.0,0.0,0.0,0.0,0.0,0.0,0.0,0.0,0.0,1.0,0.0,0.0,0.0,0.0,0.0,0.0,0.0,0.0,0.0,0.0,0.0,0.0,0.0,-5.0,1.0,-1.0,3.0,0.0,-1.0,-1.0,-1.0
https://chase.com.online-radius.com/myaccount/access.php?websrc=e17ea285ad581008aac6b89b49ab879e&amp;dispatched=36&amp;id=2724839851,en,1,0.6363636363636364,1.0,0.0,1.0,137.0,0.0,0.0,0.0,0.0,0.0,0.0,0.0,2.0,0.0,2.0,0.0,4.0,3.0,0.0,1.0,0.0,2.0,4.0,1.0,0.0,0.0,0.0,1.0,0.0,0.22627737226277372,31.0,1.0,0.0,1.0,1.0,0.0,1.0,0.0,0.0,4.0,0.0,4.0,2.0,0.0,2.0,0.0,0.9967309469891138,0.999502595484396,0.0,1.0,0.0,19.0,5.7894736842105265,24.0,2.0,1.0,4.0,0.0,-1.0,0.0,0.0,2.0,0.0,1.0,0.0,0.0,0.5,0.5,0.0,0.0,0.0,0.0,0.0,0.0,0.0,0.0,0.0,0.0,1.0,0.0,0.0,0.0,0.0,0.0,0.5,0.5,0.0,1.0,0.0,0.0,0.0,0.0,0.0,0.0,0.0,7.0,0.0,0.0,0.0,0.0,0.0,0.0,0.0,0.0,0.0,0.0,0.0,0.0,0.0,0.0,0.0,0.0,0.0,0.0,0.0,0.0,0.0,0.0,0.0,0.0,0.0,0.0,0.0,0.0,0.0,0.0,1.0,0.0,0.0,0.0,0.0,0.0,0.0,0.0,0.0,0.0,0.0,0.0,0.0,0.0,0.0,0.0,0.0,0.0,0.0,0.0,0.0,0.0,0.0,0.0,0.0,0.0,0.0,0.0,0.0,0.0,0.0,0.0,0.0,0.0,0.0,0.0,0.0,0.0,0.0,1.0,0.0,0.0,0.0,0.0,0.0,0.0,0.0,0.0,0.0,0.0,0.0,0.0,0.0,187.0,1.0,-1.0,3.0,0.0,0.0659340743200644,90.0,9.0
https://bingoshop.rs/ebay.de.singonacccountc53335b82cb093170657a560aa633ae793b1b483d10d47e1b06db4e,en,1,0.2857142857142857,1.0,0.0,1.0,99.0,0.0,0.0,0.0,0.0,0.0,0.0,0.0,0.0,0.0,0.0,0.0,4.0,0.0,0.0,0.0,0.0,0.0,3.0,1.0,0.0,0.0,0.0,1.0,0.0,0.37373737373737376,37.0,1.0,0.0,0.0,0.0,0.0,1.0,0.0,0.0,3.0,0.0,3.0,4.0,0.0,4.0,0.0,0.9953672296088328,0.9999461145108096,0.0,0.0,0.0,7.0,12.0,24.0,2.0,0.0,3.0,0.0,1.0,2.0,0.0,9.0,0.16666666666666666,0.3333333333333333,0.5,0.6666666666666666,0.0,0.3333333333333333,0.0,0.8571428571428571,0.14285714285714285,0.0,1.0,0.0,0.0,0.0,0.0,0.0,0.0,1.0,0.0,1.0,0.0,0.0,1.0,0.0,0.25,0.75,0.0,0.0,0.0,0.0,0.0,0.0,0.0,32.0,0.0,0.0,0.0,0.0,0.0,0.0,0.0,0.0,0.0,0.0,0.0,0.0,0.0,0.0,0.0,0.0,0.0,0.0,0.0,0.0,0.0,0.0,0.0,0.0,0.0,0.0,0.0,0.0,0.0,0.0,1.0,0.0,0.0,0.0,0.0,0.0,0.0,0.0,0.0,0.0,0.0,0.0,79.0,0.0,0.0,0.0,0.0,0.0,0.0,0.0,0.0,0.0,0.0,0.0,0.0,0.0,0.0,0.0,0.0,0.0,0.0,0.0,0.0,0.0,0.0,0.0,0.0,0.0,0.0,1.0,0.0,0.0,0.0,0.0,0.0,0.0,0.0,0.0,0.0,0.0,0.0,1951.0,0.0,75.0,1.0,-1.0,0.0,0.0,0.8241759290008049,90.0,17.0
https://agronomservice.com/modules/supercheckout/views/img/upload/B?reason=eccdocuments&amp;estatement=9922DDAB&amp;documentId=,en,1,0.25806451612903225,1.0,0.0,1.0,128.0,0.0,0.0,0.0,0.0,0.0,0.0,0.0,2.0,0.0,2.0,0.0,9.0,3.0,0.0,1.0,0.0,0.0,1.0,1.0,0.0,0.0,0.0,1.0,0.0,0.03125,4.0,2.0,0.0,0.0,0.0,0.0,1.0,0.0,0.0,1.0,0.0,1.0,4.0,0.0,4.0,0.0,0.9966639355474282,0.9948366647921886,0.0,0.0,0.0,20.0,5.05,9.0,1.0,0.0,1.0,0.0,0.4380664652567976,2.0,0.0,5.0,1.0,0.0,0.0,1.0,0.0,0.0,0.0,0.0,0.0,0.0,1.0,0.0,0.0,0.0,0.0,0.0,0.0,1.0,0.0,1.0,0.0,0.0,0.0,0.0,1.0,0.0,0.0,0.0,0.0,0.0,0.0,0.0,0.0,2.0,0.0,0.0,0.0,0.0,0.0,0.0,0.0,0.0,0.0,0.0,0.0,0.0,0.0,0.0,0.0,0.0,0.0,0.0,0.0,0.0,0.0,0.0,0.0,0.0,0.0,0.0,0.0,0.0,0.0,0.0,1.0,0.0,0.0,0.0,0.0,0.0,0.0,0.0,0.0,0.0,0.0,0.0,0.0,0.0,0.0,0.0,0.0,0.0,0.0,0.0,0.0,0.0,0.0,0.0,0.0,0.0,0.0,0.0,0.0,0.0,0.0,0.0,0.0,0.0,0.0,0.0,0.0,0.0,0.0,1.0,0.0,0.0,0.0,0.0,0.0,0.0,0.0,0.0,0.0,0.0,0.0,0.0,0.0,157.0,1.0,9759404.0,0.0,0.0,0.3434391718106996,90.0,2.0
https://agronomservice.com/modules/supercheckout/views/img/upload/B/?reason=eccdocuments&amp;estatement=9922DDAB&amp;documentId=,en,1,0.25806451612903225,1.0,0.0,1.0,128.0,0.0,0.0,0.0,0.0,0.0,0.0,0.0,2.0,0.0,2.0,0.0,9.0,3.0,0.0,1.0,0.0,0.0,1.0,1.0,0.0,0.0,0.0,1.0,0.0,0.03125,4.0,2.0,0.0,0.0,0.0,0.0,0.0,0.0,0.0,1.0,0.0,1.0,4.0,0.0,4.0,0.0,0.9966639355474282,0.9948366647921886,0.0,0.0,0.0,20.0,5.05,9.0,1.0,0.0,1.0,0.0,0.4380664652567976,2.0,0.0,5.0,1.0,0.0,0.0,1.0,0.0,0.0,0.0,0.0,0.0,0.0,1.0,0.0,0.0,0.0,0.0,0.0,0.0,1.0,0.0,1.0,0.0,0.0,0.0,0.0,1.0,0.0,0.0,0.0,0.0,0.0,0.0,0.0,0.0,2.0,0.0,0.0,0.0,0.0,0.0,0.0,0.0,0.0,0.0,0.0,0.0,0.0,0.0,0.0,0.0,0.0,0.0,0.0,0.0,0.0,0.0,0.0,0.0,0.0,0.0,0.0,0.0,0.0,0.0,0.0,1.0,0.0,0.0,0.0,0.0,0.0,0.0,0.0,0.0,0.0,0.0,0.0,0.0,0.0,0.0,0.0,0.0,0.0,0.0,0.0,0.0,0.0,0.0,0.0,0.0,0.0,0.0,0.0,0.0,0.0,0.0,0.0,0.0,0.0,0.0,0.0,0.0,0.0,0.0,1.0,0.0,0.0,0.0,0.0,0.0,0.0,0.0,0.0,0.0,0.0,0.0,0.0,0.0,157.0,1.0,9759404.0,0.0,0.0,0.3434391718106996,90.0,2.0
https://academiasesla.com/w-0ye/12tP,en,1,0.21978021978021978,0.0,0.0,1.0,37.0,0.0,0.0,0.0,0.0,0.0,0.0,0.0,0.0,0.0,0.0,0.0,5.0,0.0,0.0,0.0,0.0,1.0,1.0,1.0,0.0,0.0,0.0,1.0,0.0,0.08108108108108109,3.0,1.0,0.0,0.0,0.0,0.0,1.0,0.0,0.0,2.0,0.0,2.0,0.0,0.0,0.0,0.0,0.9341844016707265,0.9749156139422486,0.0,0.0,0.0,6.0,3.5,8.0,1.0,1.0,1.0,0.0,1.0,1.0,0.0,10.0,0.2,0.8,0.0,0.3333333333333333,0.6666666666666666,0.0,0.0,0.8571428571428571,0.14285714285714285,0.0,1.0,0.0,0.0,0.0,0.0,0.0,0.6666666666666666,0.3333333333333333,0.0,1.0,0.0,0.0,0.0,0.0,0.1111111111111111,0.8888888888888888,0.0,0.0,0.0,0.0,0.0,0.0,0.0,12.0,0.0,0.0,0.0,0.0,0.0,0.0,0.0,0.0,0.0,0.0,0.0,0.0,0.0,0.0,0.0,0.0,0.0,0.0,0.0,0.0,0.0,0.0,0.0,0.0,0.0,0.0,0.0,0.0,0.0,0.0,1.0,0.0,0.0,0.0,0.0,0.0,0.0,0.0,0.0,0.0,0.0,0.0,74.0,0.0,0.0,0.0,0.0,0.0,0.0,0.0,0.0,0.0,0.0,0.0,0.0,0.0,0.0,0.0,0.0,0.0,0.0,0.0,0.0,0.0,0.0,0.0,0.0,0.0,0.0,1.0,0.0,0.0,0.0,0.0,0.0,0.0,0.0,0.0,0.0,0.0,0.0,1951.0,0.0,356.0,1.0,-1.0,4.0,0.0,0.2417582725069028,90.0,3.0
https://0ad8b925.ithemeshosting.com.php73-39.lan3-1.websitetestlink.com/secured.mpp/mpp/signin/38ef/websrc,en,1,0.8620689655172413,1.0,0.0,0.0,106.0,0.0,0.0,0.0,0.0,0.0,0.0,0.0,0.0,0.0,0.0,0.0,7.0,0.0,0.0,0.0,0.0,2.0,7.0,1.0,0.0,0.0,0.0,1.0,0.0,0.12264150943396226,13.0,1.0,0.0,1.0,1.0,0.0,0.0,0.0,0.0,6.0,3.0,3.0,2.0,0.0,2.0,0.0,0.9910536271151782,0.4222549833714907,0.0,1.0,0.0,20.0,4.05,8.0,1.0,0.0,7.0,0.0,0.37840851495184996,1.0,0.0,23.0,0.5652173913043478,0.43478260869565216,0.0,0.0,1.0,0.0,0.0,0.5,0.5,0.6666666666666666,0.3333333333333333,0.0,0.0,0.0,0.0,0.0,1.0,0.0,0.0,0.3333333333333333,0.6666666666666666,1.0,0.0,0.0,0.0,1.0,0.0,0.0,0.0,0.0,0.0,0.0,0.0,24.0,0.0,0.0,0.0,0.0,0.0,0.0,0.0,0.0,0.0,0.0,0.0,0.0,0.0,0.0,0.0,0.0,0.0,0.0,0.0,0.0,0.0,0.0,0.0,0.0,0.0,0.0,0.0,0.0,0.0,0.0,1.0,0.0,0.0,0.0,0.0,0.0,0.0,0.0,0.0,0.0,0.0,0.0,13.0,0.0,0.0,0.0,0.0,0.0,0.0,0.0,0.0,0.0,0.0,0.0,0.0,0.0,0.0,0.0,0.0,0.0,0.0,0.0,0.0,0.0,0.0,0.0,0.0,0.0,0.0,1.0,0.0,0.0,0.0,0.0,0.0,0.0,0.0,0.0,0.0,0.0,0.0,4377.0,0.0,569.0,1.0,59716.0,3.0,0.0,-1.0,-1.0,-1.0
https://lalrirmozxiasudqws.azurewebsites.net/JieWqkyghD/De@pY/G1vp3qeB0/ytugf.php?bbre=c50d49217693a#/Q1PZ3K-@&!dxglKienp57fqAVotO1WkSb!@LTFMp4uSReC7Of8aAnBlc3E&!@-shaun.taylor@sc.com-WIuKzhvsPME0W5012/GkNfI0,en,1,0.6666666666666666,1.0,0.0,0.0,208.0,5.0,3.0,0.0,0.0,0.0,0.0,0.0,0.0,0.0,2.0,0.0,8.0,1.0,0.0,1.0,0.0,3.0,5.0,1.0,0.0,0.0,0.0,1.0,0.0,0.1346153846153846,28.0,1.0,0.0,0.0,0.0,0.0,0.0,0.0,0.0,10.0,1.0,9.0,2.0,0.0,2.0,0.0,0.8965633493009394,0.9981803284804154,0.0,1.0,0.0,23.0,7.391304347826087,23.0,1.0,0.0,5.0,0.0,0.5439827307069617,0.0,0.0,0.0,0.0,0.0,1.0,0.0,0.0,0.0,0.0,0.0,1.0,0.0,0.0,0.0,0.0,0.0,0.0,0.0,0.0,0.0,0.0,0.0,0.0,0.0,0.0,0.0,0.0,0.0,0.0,0.0,0.0,0.0,0.0,0.0,0.0,1.0,0.0,0.0,0.0,0.0,0.0,0.0,0.0,0.0,0.0,0.0,0.0,0.0,0.0,0.0,0.0,0.0,0.0,0.0,0.0,0.0,0.0,0.0,0.0,0.0,0.0,0.0,0.0,0.0,0.0,0.0,1.0,0.0,0.0,0.0,0.0,0.0,0.0,0.0,0.0,0.0,0.0,0.0,66.0,0.0,0.0,0.0,0.0,0.0,0.0,0.0,0.0,0.0,0.0,0.0,0.0,0.0,0.0,0.0,0.0,0.0,0.0,0.0,0.0,0.0,0.0,0.0,0.0,0.0,0.0,1.0,0.0,0.0,0.0,0.0,0.0,0.0,0.0,0.0,0.0,0.0,0.0,0.0,0.0,350.0,1.0,-1.0,5.0,0.0,-1.0,-1.0,-1.0
http://padang-beriang.nusantara.net.id/dniwnzxfqp.html?HVtEWzRddxTfcVGvBHJInIkOMJIbhUvgFCdgXsEXRDCfGVhBJniNUHYGV,en,1,1.0,0.0,0.0,1.0,112.0,0.0,0.0,0.0,0.0,0.0,0.0,0.0,0.0,0.0,0.0,0.0,3.0,0.0,0.0,1.0,0.0,1.0,4.0,1.0,0.0,0.0,0.0,1.0,1.0,0.0,0.0,0.0,0.0,0.0,0.0,0.0,0.0,0.0,1.0,7.0,3.0,4.0,1.0,0.0,1.0,0.0,0.971733606721593,0.9437808546238585,0.0,0.0,0.0,9.0,10.333333333333334,24.0,2.0,1.0,4.0,-1.0,1.0,0.0,0.0,0.0,0.0,0.0,0.0,0.0,0.0,0.0,0.0,0.0,0.0,0.0,0.0,0.0,0.0,0.0,0.0,0.0,0.0,0.0,0.0,0.0,0.0,1.0,0.0,0.0,0.0,0.0,0.0,0.0,0.0,0.0,0.0,0.0,0.0,0.0,0.0,0.0,0.0,0.0,0.0,0.0,0.0,0.0,0.0,0.0,0.0,0.0,0.0,0.0,0.0,0.0,0.0,0.0,0.0,0.0,0.0,0.0,0.0,0.0,0.0,0.0,0.0,0.0,0.0,0.0,1.0,0.0,0.0,0.0,0.0,0.0,0.0,0.0,0.0,0.0,0.0,0.0,0.0,0.0,0.0,0.0,0.0,0.0,0.0,0.0,0.0,0.0,0.0,0.0,0.0,0.0,0.0,0.0,0.0,0.0,0.0,0.0,0.0,0.0,0.0,0.0,0.0,0.0,0.0,1.0,0.0,0.0,0.0,0.0,0.0,0.0,0.0,0.0,0.0,0.0,0.0,0.0,0.0,246.0,1.0,2456044.0,4.0,0.0,0.07438953189300411,90.0,2.0
https://klockorochsmycken.se/wp-content/uploads/2020/12/index.html?HVtEWWzRdxTfcVGvBHJInIkOMJIbhUvgFCdgXsEXRDCfGVhBJniNUHYGV,en,1,1.0,0.0,0.0,1.0,124.0,0.0,0.0,0.0,0.0,0.0,0.0,0.0,0.0,0.0,0.0,0.0,7.0,0.0,0.0,1.0,0.0,1.0,2.0,1.0,0.0,0.0,0.0,1.0,0.0,0.04838709677419355,6.0,3.0,1.0,0.0,1.0,0.0,0.0,0.0,1.0,6.0,3.0,3.0,1.0,0.0,1.0,0.0,0.0,0.9993285039039346,0.0,0.0,0.0,15.0,7.0,24.0,2.0,1.0,2.0,0.0,1.0,0.0,0.0,0.0,0.0,0.0,0.0,0.0,0.0,0.0,0.0,0.0,0.0,0.0,0.0,0.0,0.0,0.0,0.0,0.0,0.0,0.0,0.0,0.0,0.0,1.0,0.0,0.0,0.0,0.0,0.0,0.0,0.0,0.0,0.0,0.0,0.0,0.0,0.0,0.0,0.0,0.0,0.0,0.0,0.0,0.0,0.0,0.0,0.0,0.0,0.0,0.0,0.0,0.0,0.0,0.0,0.0,0.0,0.0,0.0,0.0,0.0,0.0,0.0,0.0,0.0,0.0,0.0,1.0,0.0,0.0,0.0,0.0,0.0,0.0,0.0,0.0,0.0,0.0,0.0,0.0,0.0,0.0,0.0,0.0,0.0,0.0,0.0,0.0,0.0,0.0,0.0,0.0,0.0,0.0,0.0,0.0,0.0,0.0,0.0,0.0,0.0,0.0,0.0,0.0,0.0,0.0,1.0,0.0,0.0,0.0,0.0,0.0,0.0,0.0,0.0,0.0,0.0,0.0,0.0,0.0,158.0,1.0,1599080.0,4.0,0.0,0.584715920781893,90.0,2.0
http://swathifashionstudio.com/cHANhplSFQ.html?HVtEWzRd*TfcVGvBHJIn1kOMJIbhUvgFCdg*$E*RDCfGVhBIniNUHYGV,en,1,1.0,0.0,0.0,1.0,104.0,0.0,0.0,0.0,0.0,0.0,0.0,1.0,0.0,0.0,0.0,0.0,3.0,0.0,0.0,1.0,0.0,0.0,2.0,1.0,3.0,0.0,0.0,1.0,0.0,0.009615384615384616,1.0,0.0,0.0,0.0,0.0,0.0,1.0,0.0,1.0,5.0,1.0,4.0,0.0,0.0,0.0,0.0,0.7281587604679471,0.9437808546238585,0.0,0.0,0.0,11.0,7.7272727272727275,24.0,1.0,0.0,2.0,0.0,1.0,0.0,0.0,0.0,0.0,0.0,0.0,0.0,0.0,0.0,0.0,0.0,0.0,0.0,0.0,0.0,0.0,0.0,0.0,0.0,0.0,0.0,0.0,0.0,0.0,1.0,0.0,0.0,0.0,0.0,0.0,0.0,0.0,0.0,0.0,0.0,0.0,0.0,0.0,0.0,0.0,0.0,0.0,0.0,0.0,0.0,0.0,0.0,0.0,0.0,0.0,0.0,0.0,0.0,0.0,0.0,0.0,0.0,0.0,0.0,0.0,0.0,0.0,0.0,0.0,0.0,0.0,0.0,1.0,0.0,0.0,0.0,0.0,0.0,0.0,0.0,0.0,0.0,0.0,0.0,0.0,0.0,0.0,0.0,0.0,0.0,0.0,0.0,0.0,0.0,0.0,0.0,0.0,0.0,0.0,0.0,0.0,0.0,0.0,0.0,0.0,0.0,0.0,0.0,0.0,0.0,0.0,1.0,0.0,0.0,0.0,0.0,0.0,0.0,0.0,0.0,0.0,0.0,0.0,0.0,0.0,78.0,1.0,-1.0,0.0,0.0,0.1642344393004115,90.0,2.0
http://interbankenlinea.perusite-home.com/,en,1,0.35714285714285715,0.0,0.0,1.0,42.0,0.0,0.0,0.0,0.0,0.0,0.0,0.0,0.0,0.0,0.0,0.0,3.0,0.0,0.0,0.0,0.0,1.0,2.0,1.0,0.0,0.0,0.0,1.0,1.0,0.0,0.0,1.0,0.0,0.0,0.0,0.0,0.0,0.0,0.0,0.0,0.0,0.0,0.0,0.0,0.0,0.0,0.9502512583643405,0.0,0.0,0.0,0.0,6.0,4.666666666666667,9.0,2.0,1.0,2.0,0.0,-1.0,0.0,0.0,0.0,0.0,0.0,0.0,0.0,0.0,0.0,0.0,0.0,0.0,0.0,0.0,0.0,0.0,0.0,0.0,0.0,0.0,0.0,0.0,0.0,0.0,0.0,0.0,0.0,0.0,0.0,0.0,0.0,0.0,0.0,0.0,0.0,0.0,0.0,0.0,0.0,0.0,0.0,0.0,0.0,0.0,0.0,0.0,0.0,0.0,0.0,0.0,0.0,0.0,0.0,0.0,0.0,0.0,0.0,0.0,0.0,0.0,0.0,0.0,0.0,0.0,0.0,0.0,0.0,1.0,0.0,0.0,0.0,0.0,0.0,0.0,0.0,0.0,0.0,0.0,0.0,0.0,0.0,0.0,0.0,0.0,0.0,0.0,0.0,0.0,0.0,0.0,0.0,0.0,0.0,0.0,0.0,0.0,0.0,0.0,0.0,0.0,0.0,0.0,0.0,0.0,0.0,0.0,1.0,0.0,0.0,0.0,0.0,0.0,0.0,0.0,0.0,0.0,0.0,0.0,0.0,0.0,364.0,1.0,-1.0,0.0,0.0,0.0109890123866774,90.0,8.0
https://dbs-vote-friends.com/sg?prize=anything,en,1,0.6578947368421053,0.0,0.0,1.0,46.0,0.0,0.0,0.0,0.0,0.0,0.0,0.0,0.0,0.0,0.0,0.0,3.0,1.0,0.0,1.0,0.0,2.0,1.0,1.0,0.0,0.0,0.0,1.0,0.0,0.0,0.0,0.0,0.0,0.0,0.0,0.0,0.0,0.0,0.0,0.0,0.0,0.0,0.0,0.0,0.0,0.0,0.0,0.8019570104330598,0.0,0.0,0.0,6.0,4.833333333333333,8.0,2.0,0.0,1.0,0.0,-1.0,0.0,0.0,3.0,0.6666666666666666,0.3333333333333333,0.0,0.5,0.0,0.5,0.0,0.0,1.0,0.0,0.0,0.0,0.0,0.0,0.0,0.0,0.0,1.0,0.0,0.0,0.0,0.0,0.0,1.0,1.0,0.0,0.0,0.0,0.0,0.0,0.0,0.0,0.0,10.0,0.0,0.0,0.0,0.0,0.0,0.0,0.0,0.0,0.0,0.0,0.0,0.0,0.0,0.0,0.0,0.0,0.0,0.0,0.0,0.0,0.0,0.0,0.0,0.0,0.0,0.0,0.0,0.0,0.0,0.0,1.0,0.0,0.0,0.0,0.0,0.0,0.0,0.0,0.0,0.0,0.0,0.0,3.0,0.0,0.0,0.0,0.0,0.0,0.0,0.0,0.0,0.0,0.0,0.0,0.0,0.0,0.0,0.0,0.0,0.0,0.0,0.0,0.0,0.0,0.0,0.0,0.0,0.0,0.0,1.0,0.0,0.0,0.0,0.0,0.0,0.0,0.0,0.0,0.0,0.0,0.0,0.0,0.0,364.0,1.0,-1.0,0.0,0.0,0.0027397261142734055,364.0,3.0
https://xn--privnts-p0a.com:443/,en,1,0.483739837398374,0.0,0.0,1.0,32.0,0.0,0.0,0.0,0.0,0.0,0.0,0.0,0.0,0.0,0.0,0.0,3.0,0.0,0.0,0.0,0.0,3.0,1.0,2.0,0.0,0.0,0.0,1.0,0.0,0.125,4.0,0.0,0.0,0.0,0.0,0.0,0.0,0.0,1.0,3.0,3.0,0.0,0.0,0.0,0.0,0.0,0.0,0.0,0.0,0.0,1.0,4.0,3.0,4.0,2.0,0.0,1.0,0.0,-1.0,7.0,0.0,35.0,0.868421052631579,0.05263157894736842,0.07894736842105263,1.0,0.0,0.0,0.7777777777777778,0.0,0.2222222222222222,0.0,1.0,0.0,0.0,0.0,0.0,0.0,0.0,1.0,0.0,1.0,0.0,0.0,0.0,1.0,1.0,0.0,0.0,0.0,0.0,0.0,0.0,0.0,0.0,34.0,0.0,0.0,0.0,0.0,0.0,0.0,0.0,0.0,0.0,0.0,0.0,0.0,0.0,0.0,0.0,0.0,0.0,0.0,0.0,0.0,0.0,0.0,0.0,0.0,0.0,0.0,0.0,0.0,0.0,0.0,1.0,0.0,0.0,0.0,0.0,0.0,0.0,0.0,0.0,0.0,0.0,0.0,1622.0,0.0,0.0,0.0,0.0,0.0,0.0,0.0,0.0,0.0,0.0,0.0,0.0,0.0,0.0,0.0,0.0,0.0,0.0,0.0,0.0,0.0,0.0,0.0,0.0,0.0,0.0,1.0,0.0,0.0,0.0,0.0,0.0,0.0,0.0,0.0,0.0,0.0,0.0,0.0,0.0,320.0,1.0,-1.0,0.0,0.0,0.2030465534979424,90.0,1.0
http://blandido.tonohost.com/index2.html,en,1,0.7692307692307693,0.0,1.0,1.0,40.0,0.0,0.0,0.0,0.0,0.0,0.0,0.0,0.0,0.0,0.0,0.0,3.0,0.0,0.0,0.0,0.0,0.0,3.0,1.0,0.0,0.0,0.0,1.0,1.0,0.025,1.0,1.0,0.0,0.0,0.0,0.0,0.0,0.0,0.0,0.0,0.0,0.0,0.0,0.0,0.0,0.0,0.9964746454956567,0.9931275276094048,0.0,0.0,0.0,9.0,2.888888888888889,5.0,1.0,0.0,3.0,0.0,-1.0,0.0,0.0,1.0,1.0,0.0,0.0,0.0,0.0,0.0,0.5,0.0,0.5,0.0,0.0,0.0,0.0,0.0,0.0,0.0,0.0,0.0,0.0,0.0,0.0,1.0,0.0,0.0,1.0,0.0,0.0,0.0,0.0,0.0,0.0,0.0,0.0,0.0,0.0,0.0,0.0,0.0,0.0,0.0,0.0,0.0,0.0,0.0,0.0,0.0,0.0,0.0,0.0,0.0,0.0,0.0,0.0,0.0,0.0,0.0,0.0,0.0,0.0,0.0,0.0,0.0,0.0,0.0,1.0,0.0,0.0,0.0,0.0,0.0,0.0,0.0,0.0,0.0,0.0,0.0,10.0,0.0,0.0,0.0,0.0,0.0,0.0,0.0,0.0,0.0,0.0,0.0,0.0,0.0,0.0,0.0,0.0,0.0,0.0,0.0,0.0,0.0,0.0,0.0,0.0,0.0,0.0,1.0,0.0,0.0,0.0,0.0,0.0,0.0,0.0,0.0,0.0,0.0,0.0,0.0,0.0,54.0,1.0,80136.0,3.0,0.0,0.4596265488081527,363.0,2.0
https://clokioengshioe.com/dpfutzjpiw.html?HVtEWzRdxTfcGVvBHJInIkOMJIbhUvgFCdgXsEXRDCfGVhBJniNUHYGV,en,1,1.0,0.0,0.0,1.0,99.0,0.0,0.0,0.0,0.0,0.0,0.0,0.0,0.0,0.0,0.0,0.0,3.0,0.0,0.0,1.0,0.0,0.0,2.0,1.0,0.0,0.0,0.0,1.0,0.0,0.0,0.0,1.0,0.0,0.0,0.0,0.0,0.0,0.0,1.0,5.0,1.0,4.0,1.0,0.0,1.0,0.0,0.0,0.9575175093297889,0.0,0.0,0.0,8.0,10.5,24.0,2.0,0.0,2.0,0.0,1.0,0.0,0.0,0.0,0.0,0.0,0.0,0.0,0.0,0.0,0.0,0.0,0.0,0.0,0.0,0.0,0.0,0.0,0.0,0.0,0.0,0.0,0.0,0.0,0.0,1.0,0.0,0.0,0.0,0.0,0.0,0.0,0.0,0.0,0.0,0.0,0.0,0.0,0.0,0.0,0.0,0.0,0.0,0.0,0.0,0.0,0.0,0.0,0.0,0.0,0.0,0.0,0.0,0.0,0.0,0.0,0.0,0.0,0.0,0.0,0.0,0.0,0.0,0.0,0.0,0.0,0.0,0.0,1.0,0.0,0.0,0.0,0.0,0.0,0.0,0.0,0.0,0.0,0.0,0.0,0.0,0.0,0.0,0.0,0.0,0.0,0.0,0.0,0.0,0.0,0.0,0.0,0.0,0.0,0.0,0.0,0.0,0.0,0.0,0.0,0.0,0.0,0.0,0.0,0.0,0.0,0.0,1.0,0.0,0.0,0.0,0.0,0.0,0.0,0.0,0.0,0.0,0.0,0.0,0.0,0.0,352.0,1.0,-1.0,0.0,0.0,0.1374704218106996,90.0,1.0
http://clokioengshioe.com/dpfutzjpiw.html?HVtEWzRdxTfcGVvBHJInIkOMJIbhUvgFCdgXsEXRDCfGVhBJniNUHYGV,en,1,1.0,0.0,0.0,1.0,99.0,0.0,0.0,0.0,0.0,0.0,0.0,0.0,0.0,0.0,0.0,0.0,3.0,0.0,0.0,1.0,0.0,0.0,2.0,1.0,0.0,0.0,0.0,1.0,0.0,0.0,0.0,1.0,0.0,0.0,0.0,0.0,1.0,0.0,1.0,5.0,1.0,4.0,1.0,0.0,1.0,0.0,0.0,0.9575175093297889,0.0,0.0,0.0,8.0,10.5,24.0,2.0,0.0,2.0,0.0,1.0,0.0,0.0,0.0,0.0,0.0,0.0,0.0,0.0,0.0,0.0,0.0,0.0,0.0,0.0,0.0,0.0,0.0,0.0,0.0,0.0,0.0,0.0,0.0,0.0,1.0,0.0,0.0,0.0,0.0,0.0,0.0,0.0,0.0,0.0,0.0,0.0,0.0,0.0,0.0,0.0,0.0,0.0,0.0,0.0,0.0,0.0,0.0,0.0,0.0,0.0,0.0,0.0,0.0,0.0,0.0,0.0,0.0,0.0,0.0,0.0,0.0,0.0,0.0,0.0,0.0,0.0,0.0,1.0,0.0,0.0,0.0,0.0,0.0,0.0,0.0,0.0,0.0,0.0,0.0,0.0,0.0,0.0,0.0,0.0,0.0,0.0,0.0,0.0,0.0,0.0,0.0,0.0,0.0,0.0,0.0,0.0,0.0,0.0,0.0,0.0,0.0,0.0,0.0,0.0,0.0,0.0,1.0,0.0,0.0,0.0,0.0,0.0,0.0,0.0,0.0,0.0,0.0,0.0,0.0,0.0,352.0,1.0,-1.0,0.0,0.0,-1.0,-1.0,-1.0
https://update-robot.onthewifi.com/b0KI4Ci,en,1,0.3392857142857143,0.0,0.0,1.0,42.0,0.0,0.0,0.0,0.0,0.0,0.0,0.0,0.0,0.0,0.0,0.0,3.0,0.0,0.0,0.0,0.0,1.0,2.0,1.0,0.0,0.0,0.0,1.0,0.0,0.047619047619047616,2.0,0.0,0.0,0.0,0.0,0.0,0.0,0.0,0.0,1.0,0.0,1.0,0.0,0.0,0.0,0.0,0.8435427912959736,0.0,0.0,0.0,0.0,6.0,4.5,7.0,2.0,1.0,2.0,0.0,-1.0,0.0,0.0,4.0,0.75,0.25,0.0,0.3333333333333333,0.3333333333333333,0.3333333333333333,0.0,0.0,0.0,0.0,0.0,0.0,0.0,0.0,0.0,0.0,0.25,0.75,0.0,0.0,0.0,0.0,0.0,0.0,0.6666666666666666,0.3333333333333333,0.0,0.0,0.0,0.0,0.0,0.0,0.0,3.0,0.0,0.0,0.0,0.0,0.0,0.0,0.0,0.0,0.0,0.0,0.0,0.0,0.0,0.0,0.0,0.0,0.0,0.0,0.0,0.0,0.0,0.0,0.0,0.0,0.0,0.0,0.0,0.0,0.0,0.0,1.0,0.0,0.0,0.0,0.0,0.0,0.0,0.0,0.0,0.0,0.0,0.0,0.0,0.0,0.0,0.0,0.0,0.0,0.0,0.0,0.0,0.0,0.0,0.0,0.0,0.0,0.0,0.0,0.0,0.0,0.0,0.0,0.0,0.0,0.0,0.0,0.0,0.0,0.0,1.0,0.0,0.0,0.0,0.0,0.0,0.0,0.0,0.0,0.0,0.0,0.0,0.0,0.0,392.0,1.0,-1.0,3.0,0.0,-1.0,-1.0,-1.0
https://www.rakuten-japan.buzz/,en,1,0.016867469879518072,0.0,0.0,1.0,31.0,0.0,0.0,0.0,0.0,0.0,0.0,0.0,0.0,0.0,0.0,0.0,3.0,0.0,0.0,0.0,0.0,1.0,2.0,1.0,0.0,0.0,0.0,1.0,0.0,0.0,0.0,0.0,0.0,0.0,0.0,0.0,0.0,0.0,0.0,0.0,0.0,0.0,1.0,1.0,0.0,0.0,0.9994321298446854,0.0,1.0,0.0,0.0,3.0,5.0,7.0,3.0,1.0,2.0,-1.0,0.3441476556230655,2.0,0.0,22.0,0.5945945945945946,0.0,0.40540540540540543,1.0,0.0,0.0,0.8181818181818182,0.0,0.18181818181818182,0.0,1.0,0.0,0.0,0.0,0.0,0.0,0.0,1.0,0.0,1.0,0.0,0.0,1.0,0.0,1.0,0.0,0.0,0.0,0.0,0.0,0.0,0.0,0.0,184.0,0.0,0.0,0.0,0.0,0.0,0.0,0.0,0.0,0.0,0.0,0.0,0.0,0.0,0.0,0.0,0.0,0.0,0.0,0.0,0.0,0.0,0.0,0.0,0.0,0.0,0.0,0.0,0.0,0.0,0.0,1.0,0.0,0.0,0.0,0.0,0.0,0.0,0.0,0.0,0.0,0.0,0.0,5.0,0.0,0.0,0.0,0.0,0.0,0.0,0.0,0.0,0.0,0.0,0.0,0.0,0.0,0.0,0.0,0.0,0.0,0.0,0.0,0.0,0.0,0.0,0.0,0.0,0.0,0.0,1.0,0.0,0.0,0.0,0.0,0.0,0.0,0.0,0.0,0.0,0.0,0.0,0.0,0.0,364.0,1.0,-1.0,0.0,0.0,-1.0,-1.0,-1.0
https://maltadeliveries.com/KFbqbCKyff.html?HVtEWzRd*TfcVGvBHIInLkOMJIbhUvgFCdg*$E*RDCfGVhBIniNUHYGV,en,1,1.0,0.0,0.0,1.0,100.0,0.0,0.0,0.0,0.0,0.0,0.0,1.0,0.0,0.0,0.0,0.0,3.0,0.0,0.0,1.0,0.0,0.0,2.0,1.0,3.0,0.0,0.0,1.0,0.0,0.0,0.0,1.0,0.0,0.0,0.0,0.0,0.0,0.0,1.0,5.0,2.0,3.0,2.0,0.0,2.0,0.0,0.991776936181619,0.9437808546238585,0.0,0.0,0.0,8.0,10.125,24.0,1.0,0.0,2.0,0.0,-1.0,0.0,0.0,0.0,0.0,0.0,0.0,0.0,0.0,0.0,0.0,0.0,0.0,0.0,0.0,0.0,0.0,0.0,0.0,0.0,0.0,0.0,0.0,0.0,0.0,1.0,0.0,0.0,0.0,0.0,0.0,0.0,0.0,0.0,0.0,0.0,0.0,0.0,0.0,0.0,0.0,0.0,0.0,0.0,0.0,0.0,0.0,0.0,0.0,0.0,0.0,0.0,0.0,0.0,0.0,0.0,0.0,0.0,0.0,0.0,0.0,0.0,0.0,0.0,0.0,0.0,0.0,0.0,1.0,0.0,0.0,0.0,0.0,0.0,0.0,0.0,0.0,0.0,0.0,0.0,0.0,0.0,0.0,0.0,0.0,0.0,0.0,0.0,0.0,0.0,0.0,0.0,0.0,0.0,0.0,0.0,0.0,0.0,0.0,0.0,0.0,0.0,0.0,0.0,0.0,0.0,0.0,1.0,0.0,0.0,0.0,0.0,0.0,0.0,0.0,0.0,0.0,0.0,0.0,0.0,0.0,43.0,1.0,-1.0,2.0,0.0,-1.0,-1.0,-1.0
http://blog.powerlexis.ru/leTSgQLsSC.html?HVtEWzRdxTfcVGvBHJInIkOMJIbhUvgFCdgXsEXRDCfGVhBJinNUHYGV,en,1,1.0,0.0,0.0,1.0,98.0,0.0,0.0,0.0,0.0,0.0,0.0,0.0,0.0,0.0,0.0,0.0,3.0,0.0,0.0,1.0,0.0,0.0,3.0,1.0,0.0,0.0,0.0,1.0,1.0,0.0,0.0,1.0,0.0,0.0,0.0,0.0,0.0,0.0,0.0,5.0,0.0,5.0,2.0,0.0,2.0,0.0,0.9405518703100626,0.9977008857945415,0.0,0.0,0.0,12.0,7.0,24.0,1.0,0.0,3.0,0.0,-1.0,0.0,0.0,0.0,0.0,0.0,0.0,0.0,0.0,0.0,0.0,0.0,0.0,0.0,0.0,0.0,0.0,0.0,0.0,0.0,0.0,0.0,0.0,0.0,0.0,1.0,0.0,0.0,0.0,0.0,0.0,0.0,0.0,0.0,0.0,0.0,0.0,0.0,0.0,0.0,0.0,0.0,0.0,0.0,0.0,0.0,0.0,0.0,0.0,0.0,0.0,0.0,0.0,0.0,0.0,0.0,0.0,0.0,0.0,0.0,0.0,0.0,0.0,0.0,0.0,0.0,0.0,0.0,1.0,0.0,0.0,0.0,0.0,0.0,0.0,0.0,0.0,0.0,0.0,0.0,0.0,0.0,0.0,0.0,0.0,0.0,0.0,0.0,0.0,0.0,0.0,0.0,0.0,0.0,0.0,0.0,0.0,0.0,0.0,0.0,0.0,0.0,0.0,0.0,0.0,0.0,0.0,1.0,0.0,0.0,0.0,0.0,0.0,0.0,0.0,0.0,0.0,0.0,0.0,0.0,0.0,307.0,1.0,7451809.0,4.0,0.0,-1.0,-1.0,-1.0
http://sixhub.com.br/qvlvtktmji.html?HVtEWzRdxTfcVGvBHJInIkOMIIbhUvgFCdgX$E*RDCfGVhBJnlNUHYGV,en,1,1.0,0.0,0.0,1.0,93.0,0.0,0.0,0.0,0.0,0.0,0.0,1.0,0.0,0.0,0.0,0.0,3.0,0.0,0.0,1.0,0.0,0.0,3.0,1.0,1.0,0.0,0.0,1.0,1.0,0.0,0.0,0.0,0.0,0.0,0.0,0.0,0.0,0.0,0.0,4.0,0.0,4.0,1.0,0.0,1.0,0.0,0.9999157175681893,0.9437808546238585,0.0,0.0,0.0,8.0,9.25,24.0,3.0,0.0,3.0,0.0,1.0,0.0,0.0,0.0,0.0,0.0,0.0,0.0,0.0,0.0,0.0,0.0,0.0,0.0,0.0,0.0,0.0,0.0,0.0,0.0,0.0,0.0,0.0,0.0,0.0,1.0,0.0,0.0,0.0,0.0,0.0,0.0,0.0,0.0,0.0,0.0,0.0,0.0,0.0,0.0,0.0,0.0,0.0,0.0,0.0,0.0,0.0,0.0,0.0,0.0,0.0,0.0,0.0,0.0,0.0,0.0,0.0,0.0,0.0,0.0,0.0,0.0,0.0,0.0,0.0,0.0,0.0,0.0,1.0,0.0,0.0,0.0,0.0,0.0,0.0,0.0,0.0,0.0,0.0,0.0,0.0,0.0,0.0,0.0,0.0,0.0,0.0,0.0,0.0,0.0,0.0,0.0,0.0,0.0,0.0,0.0,0.0,0.0,0.0,0.0,0.0,0.0,0.0,0.0,0.0,0.0,0.0,1.0,0.0,0.0,0.0,0.0,0.0,0.0,0.0,0.0,0.0,0.0,0.0,0.0,0.0,49.0,1.0,-1.0,0.0,0.0,-1.0,-1.0,-1.0
https://robolearnings.com/smbc.co.jp/jp/,en,1,0.6363636363636364,0.0,0.0,1.0,51.0,0.0,0.0,0.0,0.0,0.0,0.0,0.0,0.0,0.0,0.0,0.0,4.0,0.0,0.0,0.0,0.0,1.0,2.0,1.0,0.0,0.0,0.0,1.0,0.0,0.0,0.0,1.0,0.0,0.0,0.0,0.0,1.0,0.0,1.0,1.0,1.0,0.0,0.0,0.0,0.0,0.0,0.9936118061725137,0.9896940547725273,0.0,0.0,0.0,7.0,5.0,9.0,3.0,1.0,2.0,0.0,-1.0,0.0,0.0,2.0,0.0,1.0,0.0,0.0,0.5,0.5,0.0,0.0,0.0,0.0,0.0,0.0,0.0,0.0,0.0,0.0,1.0,0.0,0.0,0.0,0.0,0.0,0.5,0.5,0.0,1.0,0.0,0.0,0.0,0.0,0.0,0.0,0.0,7.0,0.0,0.0,0.0,0.0,0.0,0.0,0.0,0.0,0.0,0.0,0.0,0.0,0.0,0.0,0.0,0.0,0.0,0.0,0.0,0.0,0.0,0.0,0.0,0.0,0.0,0.0,0.0,0.0,0.0,0.0,1.0,0.0,0.0,0.0,0.0,0.0,0.0,0.0,0.0,0.0,0.0,0.0,0.0,0.0,0.0,0.0,0.0,0.0,0.0,0.0,0.0,0.0,0.0,0.0,0.0,0.0,0.0,0.0,0.0,0.0,0.0,0.0,0.0,0.0,0.0,0.0,0.0,0.0,0.0,1.0,0.0,0.0,0.0,0.0,0.0,0.0,0.0,0.0,0.0,0.0,0.0,0.0,0.0,324.0,1.0,-1.0,0.0,0.0,0.19525385802469136,90.0,3.0
http://qinyt.com/OsSREzrmYd.html?HVtEWzRdxTfcVGvBHIInIk0MIIbhUvgFCdg*$EXRDCfGVhBJn1NUHYGV,en,1,1.0,0.0,1.0,0.0,89.0,0.0,0.0,0.0,0.0,0.0,0.0,1.0,0.0,0.0,0.0,0.0,3.0,0.0,0.0,1.0,0.0,0.0,2.0,1.0,1.0,0.0,0.0,1.0,1.0,0.02247191011235955,2.0,0.0,0.0,0.0,0.0,0.0,0.0,0.0,1.0,5.0,1.0,4.0,3.0,0.0,3.0,0.0,0.9979979468246939,0.9437808546238585,0.0,0.0,0.0,8.0,9.125,24.0,2.0,0.0,2.0,0.0,2.734375,0.0,0.0,0.0,0.0,0.0,0.0,0.0,0.0,0.0,0.0,0.0,0.0,0.0,0.0,0.0,0.0,0.0,0.0,0.0,0.0,0.0,0.0,0.0,0.0,1.0,0.0,0.0,0.0,0.0,0.0,0.0,0.0,0.0,0.0,0.0,0.0,0.0,0.0,0.0,0.0,0.0,0.0,0.0,0.0,0.0,0.0,0.0,0.0,0.0,0.0,0.0,0.0,0.0,0.0,0.0,0.0,0.0,0.0,0.0,0.0,0.0,0.0,0.0,0.0,0.0,0.0,0.0,1.0,0.0,0.0,0.0,0.0,0.0,0.0,0.0,0.0,0.0,0.0,0.0,0.0,0.0,0.0,0.0,0.0,0.0,0.0,0.0,0.0,0.0,0.0,0.0,0.0,0.0,0.0,0.0,0.0,0.0,0.0,0.0,0.0,0.0,0.0,0.0,0.0,0.0,0.0,1.0,0.0,0.0,0.0,0.0,0.0,0.0,0.0,0.0,0.0,0.0,0.0,0.0,0.0,158.0,1.0,-1.0,0.0,0.0,-1.0,-1.0,-1.0
https://4find.cc/cchbfthfzo.html?HVtEWzRd*TfcVGvBHJInIk0MI|bhUvgFCdg*$E*RDCfGVhBJn|NUHYGV,en,1,1.0,0.0,0.0,1.0,93.0,0.0,0.0,0.0,0.0,0.0,0.0,1.0,0.0,0.0,0.0,0.0,3.0,0.0,2.0,1.0,0.0,0.0,2.0,1.0,3.0,0.0,0.0,1.0,0.0,0.043010752688172046,4.0,0.0,1.0,0.0,1.0,0.0,0.0,0.0,0.0,4.0,0.0,4.0,1.0,0.0,1.0,0.0,0.9985533818671184,0.9437808546238585,0.0,0.0,0.0,7.0,10.428571428571429,24.0,1.0,0.0,2.0,0.0,-1.0,0.0,0.0,0.0,0.0,0.0,0.0,0.0,0.0,0.0,0.0,0.0,0.0,0.0,0.0,0.0,0.0,0.0,0.0,0.0,0.0,0.0,0.0,0.0,0.0,1.0,0.0,0.0,0.0,0.0,0.0,0.0,0.0,0.0,0.0,0.0,0.0,0.0,0.0,0.0,0.0,0.0,0.0,0.0,0.0,0.0,0.0,0.0,0.0,0.0,0.0,0.0,0.0,0.0,0.0,0.0,0.0,0.0,0.0,0.0,0.0,0.0,0.0,0.0,0.0,0.0,0.0,0.0,1.0,0.0,0.0,0.0,0.0,0.0,0.0,0.0,0.0,0.0,0.0,0.0,0.0,0.0,0.0,0.0,0.0,0.0,0.0,0.0,0.0,0.0,0.0,0.0,0.0,0.0,0.0,0.0,0.0,0.0,0.0,0.0,0.0,0.0,0.0,0.0,0.0,0.0,0.0,1.0,0.0,0.0,0.0,0.0,0.0,0.0,0.0,0.0,0.0,0.0,0.0,0.0,0.0,134.0,1.0,-1.0,4.0,0.0,0.22465754137041924,364.0,3.0
https://amazon.co.jp.solucionservnrsmintony001.ml/ap/signin/index/openid/pape/maxauthage/openidreturntohttps/www.amazon.co.jp,en,1,0.11764705882352941,0.0,0.0,0.0,125.0,0.0,0.0,0.0,0.0,0.0,0.0,0.0,0.0,0.0,0.0,0.0,10.0,0.0,0.0,0.0,0.0,0.0,7.0,1.0,0.0,0.0,0.0,2.0,0.0,0.024,3.0,2.0,0.0,0.0,0.0,0.0,0.0,0.0,1.0,3.0,2.0,1.0,3.0,1.0,2.0,0.0,0.0,0.9999861832078999,1.0,0.0,0.0,22.0,4.545454545454546,17.0,2.0,0.0,7.0,-5.0,0.5572139303482587,0.0,0.0,5.0,1.0,0.0,0.0,1.0,0.0,0.0,1.0,0.0,0.0,0.0,0.0,0.0,0.0,0.0,0.0,0.0,0.0,1.0,0.0,0.0,0.0,1.0,0.0,0.0,1.0,0.0,0.0,0.0,0.0,0.0,0.0,0.0,0.0,0.0,0.0,0.0,0.0,0.0,0.0,0.0,0.0,0.0,0.0,0.0,0.0,0.0,0.0,0.0,0.0,0.0,0.0,0.0,0.0,0.0,0.0,0.0,0.0,0.0,0.0,0.0,0.0,0.0,0.0,0.0,1.0,0.0,0.0,0.0,0.0,0.0,0.0,0.0,0.0,0.0,0.0,0.0,14206.0,0.0,0.0,0.0,0.0,0.0,0.0,0.0,0.0,0.0,0.0,0.0,0.0,0.0,0.0,0.0,0.0,0.0,0.0,0.0,0.0,0.0,0.0,0.0,0.0,0.0,0.0,1.0,0.0,0.0,0.0,0.0,0.0,0.0,0.0,0.0,0.0,0.0,0.0,0.0,0.0,-5.0,-5.0,-1.0,0.0,0.0,-1.0,-1.0,-1.0
https://elinastorebd.com/index.html?HVtEWzRdxTfcVGvBHJJInIkOMJIbhUvgFCdgXsEXRDCfGVhBJniNUHYGV,en,1,1.0,0.0,0.0,1.0,93.0,0.0,0.0,0.0,0.0,0.0,0.0,0.0,0.0,0.0,0.0,0.0,3.0,0.0,0.0,1.0,0.0,0.0,2.0,1.0,0.0,0.0,0.0,1.0,0.0,0.0,0.0,1.0,0.0,0.0,0.0,0.0,0.0,0.0,1.0,4.0,1.0,3.0,1.0,0.0,1.0,0.0,0.9838053379794599,0.9931275276094048,0.0,0.0,0.0,8.0,9.75,24.0,2.0,0.0,2.0,0.0,1.0,0.0,0.0,0.0,0.0,0.0,0.0,0.0,0.0,0.0,0.0,0.0,0.0,0.0,0.0,0.0,0.0,0.0,0.0,0.0,0.0,0.0,0.0,0.0,0.0,1.0,0.0,0.0,0.0,0.0,0.0,0.0,0.0,0.0,0.0,0.0,0.0,0.0,0.0,0.0,0.0,0.0,0.0,0.0,0.0,0.0,0.0,0.0,0.0,0.0,0.0,0.0,0.0,0.0,0.0,0.0,0.0,0.0,0.0,0.0,0.0,0.0,0.0,0.0,0.0,0.0,0.0,0.0,1.0,0.0,0.0,0.0,0.0,0.0,0.0,0.0,0.0,0.0,0.0,0.0,0.0,0.0,0.0,0.0,0.0,0.0,0.0,0.0,0.0,0.0,0.0,0.0,0.0,0.0,0.0,0.0,0.0,0.0,0.0,0.0,0.0,0.0,0.0,0.0,0.0,0.0,0.0,1.0,0.0,0.0,0.0,0.0,0.0,0.0,0.0,0.0,0.0,0.0,0.0,0.0,0.0,220.0,-5.0,9221399.0,0.0,0.0,0.3961748759162769,365.0,2.0
http://bit.ly/3jqNrvT?confirmation,en,1,0.5482954545454546,0.0,1.0,1.0,18.0,0.0,0.0,0.0,0.0,0.0,0.0,0.0,0.0,0.0,0.0,0.0,3.0,0.0,0.0,0.0,0.0,0.0,1.0,1.0,0.0,0.0,0.0,1.0,0.0,0.0,0.0,0.0,0.0,0.0,0.0,0.0,2.0,2.0,0.0,0.0,0.0,0.0,0.0,0.0,0.0,0.0,0.9991115802679629,0.0,0.0,0.0,0.0,2.0,2.5,3.0,2.0,0.0,1.0,0.0,1.0,2.0,0.0,152.0,0.5732484076433121,0.39490445859872614,0.03184713375796178,0.0,0.8,0.2,0.06666666666666667,0.4666666666666667,0.4666666666666667,1.0,0.0,0.0,0.0,0.0,0.0,0.0,0.5454545454545454,0.45454545454545453,0.0,0.0,1.0,0.0,0.3333333333333333,0.6666666666666666,0.3333333333333333,0.6666666666666666,0.0,0.0,0.0,0.0,1.0,1.0,0.0,48.0,0.0,0.0,0.0,0.0,0.0,0.0,0.0,0.0,0.0,0.0,0.0,0.0,0.0,0.0,0.0,0.0,0.0,0.0,0.0,0.0,0.0,0.0,0.0,0.0,0.0,0.0,0.0,0.0,0.0,0.0,1.0,0.0,0.0,0.0,0.0,0.0,0.0,0.0,0.0,0.0,0.0,0.0,57.0,0.0,0.0,0.0,0.0,0.0,0.0,0.0,0.0,0.0,0.0,0.0,0.0,0.0,0.0,0.0,0.0,0.0,0.0,0.0,0.0,0.0,0.0,0.0,0.0,0.0,0.0,1.0,0.0,0.0,0.0,0.0,0.0,0.0,0.0,0.0,0.0,0.0,0.0,9832.0,0.0,276.0,1.0,625.0,8.0,1.0,0.48728246318607765,373.0,2.0
http://marketsolution.com.pe/yaualffigw.html,en,1,1.0,0.0,0.0,1.0,44.0,0.0,0.0,0.0,0.0,0.0,0.0,0.0,0.0,0.0,0.0,0.0,3.0,0.0,0.0,0.0,0.0,0.0,3.0,1.0,0.0,0.0,0.0,1.0,1.0,0.0,0.0,1.0,0.0,0.0,0.0,0.0,0.0,0.0,0.0,2.0,0.0,2.0,0.0,0.0,0.0,0.0,0.9848685401315634,0.9749156139422486,0.0,0.0,0.0,7.0,4.0,8.0,1.0,0.0,3.0,0.0,1.0,0.0,0.0,0.0,0.0,0.0,0.0,0.0,0.0,0.0,0.0,0.0,0.0,0.0,0.0,0.0,0.0,0.0,0.0,0.0,0.0,0.0,0.0,0.0,0.0,1.0,0.0,0.0,0.0,0.0,0.0,0.0,0.0,0.0,0.0,0.0,0.0,0.0,0.0,0.0,0.0,0.0,0.0,0.0,0.0,0.0,0.0,0.0,0.0,0.0,0.0,0.0,0.0,0.0,0.0,0.0,0.0,0.0,0.0,0.0,0.0,0.0,0.0,0.0,0.0,0.0,0.0,0.0,1.0,0.0,0.0,0.0,0.0,0.0,0.0,0.0,0.0,0.0,0.0,0.0,0.0,0.0,0.0,0.0,0.0,0.0,0.0,0.0,0.0,0.0,0.0,0.0,0.0,0.0,0.0,0.0,0.0,0.0,0.0,0.0,0.0,0.0,0.0,0.0,0.0,0.0,0.0,1.0,0.0,0.0,0.0,0.0,0.0,0.0,0.0,0.0,0.0,0.0,0.0,0.0,0.0,0.0,1.0,-1.0,0.0,0.0,0.5982798353909465,90.0,3.0
https://rb.gy/zurt3i?Facebook_Update,en,1,0.6153846153846154,0.0,1.0,1.0,33.0,0.0,0.0,0.0,0.0,0.0,0.0,0.0,0.0,0.0,0.0,0.0,3.0,0.0,0.0,0.0,0.0,2.0,2.0,1.0,0.0,0.0,0.0,1.0,0.0,0.0,0.0,0.0,0.0,0.0,0.0,0.0,1.0,0.0,0.0,1.0,1.0,0.0,1.0,1.0,0.0,0.0,0.9998017290333634,0.0,0.0,0.0,0.0,5.0,3.6,5.0,2.0,0.0,2.0,-1.0,1.0,1.0,0.0,71.0,0.4722222222222222,0.5138888888888888,0.013888888888888888,0.0,1.0,0.0,0.7272727272727273,0.0,0.2727272727272727,0.0,1.0,0.0,0.0,0.0,0.0,1.0,0.03225806451612903,0.967741935483871,0.0,0.8,0.2,0.0,0.05555555555555555,0.9444444444444444,0.9655172413793104,0.034482758620689655,0.0,0.0,0.0,0.0,1.0,0.0,0.0,31.0,0.0,0.0,0.0,0.0,0.0,0.0,0.0,0.0,0.0,0.0,0.0,0.0,0.0,0.0,0.0,0.0,0.0,0.0,0.0,0.0,0.0,0.0,0.0,0.0,0.0,0.0,0.0,0.0,0.0,0.0,1.0,0.0,0.0,0.0,0.0,0.0,0.0,0.0,0.0,0.0,0.0,0.0,2685.0,0.0,0.0,0.0,0.0,0.0,0.0,0.0,0.0,0.0,0.0,0.0,0.0,0.0,0.0,0.0,0.0,0.0,0.0,0.0,0.0,0.0,0.0,0.0,0.0,0.0,0.0,1.0,0.0,0.0,0.0,0.0,0.0,0.0,0.0,0.0,0.0,0.0,0.0,0.0,0.0,221.0,1.0,23337.0,6.0,1.0,0.2075949427916943,394.0,2.0
https://www.amazon-check-co-jp.w7n.top/,en,1,1.0,0.0,0.0,0.0,39.0,0.0,0.0,0.0,0.0,0.0,0.0,0.0,0.0,0.0,0.0,0.0,3.0,0.0,0.0,0.0,0.0,3.0,3.0,1.0,0.0,0.0,0.0,1.0,0.0,0.02564102564102564,1.0,0.0,0.0,0.0,0.0,0.0,0.0,0.0,1.0,1.0,1.0,0.0,1.0,1.0,0.0,0.0,0.9827628610155066,0.0,1.0,0.0,0.0,6.0,3.5,6.0,2.0,0.0,3.0,0.0,0.5911602209944752,0.0,0.0,5.0,1.0,0.0,0.0,1.0,0.0,0.0,1.0,0.0,0.0,0.0,0.0,0.0,0.0,0.0,0.0,0.0,0.0,1.0,0.0,0.0,0.0,1.0,0.0,0.0,1.0,0.0,0.0,0.0,0.0,0.0,0.0,0.0,0.0,0.0,0.0,0.0,0.0,0.0,0.0,0.0,0.0,0.0,0.0,0.0,0.0,0.0,0.0,0.0,0.0,0.0,0.0,0.0,0.0,0.0,0.0,0.0,0.0,0.0,0.0,0.0,0.0,0.0,0.0,0.0,1.0,0.0,0.0,0.0,0.0,0.0,0.0,0.0,0.0,0.0,0.0,0.0,2635.0,0.0,0.0,0.0,0.0,0.0,0.0,0.0,0.0,0.0,0.0,0.0,0.0,0.0,0.0,0.0,0.0,0.0,0.0,0.0,0.0,0.0,0.0,0.0,0.0,0.0,0.0,1.0,0.0,0.0,0.0,0.0,0.0,0.0,0.0,0.0,0.0,0.0,0.0,0.0,0.0,364.0,1.0,-1.0,0.0,0.0,-1.0,-1.0,-1.0
http://www.alfalinkph.com/npimwumkxd.html,en,1,1.0,0.0,0.0,0.0,41.0,0.0,0.0,0.0,0.0,0.0,0.0,0.0,0.0,0.0,0.0,0.0,3.0,0.0,0.0,0.0,0.0,0.0,3.0,1.0,0.0,0.0,0.0,1.0,1.0,0.0,0.0,0.0,0.0,0.0,0.0,0.0,0.0,0.0,0.0,1.0,0.0,1.0,1.0,1.0,0.0,0.0,0.0,0.9437808546238585,1.0,0.0,0.0,6.0,4.5,10.0,2.0,0.0,3.0,0.0,1.0,0.0,0.0,0.0,0.0,0.0,0.0,0.0,0.0,0.0,0.0,0.0,0.0,0.0,0.0,0.0,0.0,0.0,0.0,0.0,0.0,0.0,0.0,0.0,0.0,1.0,0.0,0.0,0.0,0.0,0.0,0.0,0.0,0.0,0.0,0.0,0.0,0.0,0.0,0.0,0.0,0.0,0.0,0.0,0.0,0.0,0.0,0.0,0.0,0.0,0.0,0.0,0.0,0.0,0.0,0.0,0.0,0.0,0.0,0.0,0.0,0.0,0.0,0.0,0.0,0.0,0.0,0.0,1.0,0.0,0.0,0.0,0.0,0.0,0.0,0.0,0.0,0.0,0.0,0.0,0.0,0.0,0.0,0.0,0.0,0.0,0.0,0.0,0.0,0.0,0.0,0.0,0.0,0.0,0.0,0.0,0.0,0.0,0.0,0.0,0.0,0.0,0.0,0.0,0.0,0.0,0.0,1.0,0.0,0.0,0.0,0.0,0.0,0.0,0.0,0.0,0.0,0.0,0.0,0.0,0.0,48.0,1.0,-1.0,2.0,0.0,-1.0,-1.0,-1.0
http://cliniqtec.com/lxhxnbkvll.html,en,1,1.0,0.0,0.0,0.0,36.0,0.0,0.0,0.0,0.0,0.0,0.0,0.0,0.0,0.0,0.0,0.0,3.0,0.0,0.0,0.0,0.0,0.0,2.0,1.0,0.0,0.0,0.0,1.0,1.0,0.0,0.0,0.0,0.0,0.0,0.0,0.0,0.0,0.0,1.0,3.0,2.0,1.0,1.0,0.0,1.0,0.0,0.9716990647413427,0.9437808546238585,0.0,0.0,0.0,4.0,5.75,10.0,4.0,0.0,2.0,0.0,1.0,0.0,0.0,0.0,0.0,0.0,0.0,0.0,0.0,0.0,0.0,0.0,0.0,0.0,0.0,0.0,0.0,0.0,0.0,0.0,0.0,0.0,0.0,0.0,0.0,1.0,0.0,0.0,0.0,0.0,0.0,0.0,0.0,0.0,0.0,0.0,0.0,0.0,0.0,0.0,0.0,0.0,0.0,0.0,0.0,0.0,0.0,0.0,0.0,0.0,0.0,0.0,0.0,0.0,0.0,0.0,0.0,0.0,0.0,0.0,0.0,0.0,0.0,0.0,0.0,0.0,0.0,0.0,1.0,0.0,0.0,0.0,0.0,0.0,0.0,0.0,0.0,0.0,0.0,0.0,0.0,0.0,0.0,0.0,0.0,0.0,0.0,0.0,0.0,0.0,0.0,0.0,0.0,0.0,0.0,0.0,0.0,0.0,0.0,0.0,0.0,0.0,0.0,0.0,0.0,0.0,0.0,1.0,0.0,0.0,0.0,0.0,0.0,0.0,0.0,0.0,0.0,0.0,0.0,0.0,0.0,216.0,1.0,-1.0,0.0,0.0,-1.0,-1.0,-1.0
http://www.myprocurements.com/qehqwebbnz.html,en,1,1.0,0.0,0.0,1.0,45.0,0.0,0.0,0.0,0.0,0.0,0.0,0.0,0.0,0.0,0.0,0.0,3.0,0.0,0.0,0.0,0.0,0.0,3.0,1.0,0.0,0.0,0.0,1.0,1.0,0.0,0.0,0.0,0.0,0.0,0.0,0.0,0.0,0.0,1.0,2.0,1.0,1.0,2.0,1.0,1.0,0.0,0.9929064589358031,0.9437808546238585,1.0,0.0,0.0,5.0,6.2,12.0,2.0,0.0,3.0,0.0,1.0,0.0,0.0,0.0,0.0,0.0,0.0,0.0,0.0,0.0,0.0,0.0,0.0,0.0,0.0,0.0,0.0,0.0,0.0,0.0,0.0,0.0,0.0,0.0,0.0,1.0,0.0,0.0,0.0,0.0,0.0,0.0,0.0,0.0,0.0,0.0,0.0,0.0,0.0,0.0,0.0,0.0,0.0,0.0,0.0,0.0,0.0,0.0,0.0,0.0,0.0,0.0,0.0,0.0,0.0,0.0,0.0,0.0,0.0,0.0,0.0,0.0,0.0,0.0,0.0,0.0,0.0,0.0,1.0,0.0,0.0,0.0,0.0,0.0,0.0,0.0,0.0,0.0,0.0,0.0,0.0,0.0,0.0,0.0,0.0,0.0,0.0,0.0,0.0,0.0,0.0,0.0,0.0,0.0,0.0,0.0,0.0,0.0,0.0,0.0,0.0,0.0,0.0,0.0,0.0,0.0,0.0,1.0,0.0,0.0,0.0,0.0,0.0,0.0,0.0,0.0,0.0,0.0,0.0,0.0,0.0,27.0,1.0,4650359.0,0.0,0.0,0.6813187679739988,90.0,8.0
https://46728.shop/phplive/fetch_token.php?,en,1,0.5,0.0,0.0,1.0,42.0,0.0,0.0,0.0,0.0,0.0,0.0,0.0,0.0,0.0,0.0,0.0,4.0,0.0,0.0,0.0,1.0,0.0,2.0,1.0,0.0,0.0,0.0,1.0,0.0,0.11904761904761904,5.0,0.0,0.0,0.0,0.0,1.0,0.0,0.0,1.0,1.0,1.0,0.0,0.0,0.0,0.0,0.0,0.9916166613932577,0.9999792748118498,0.0,0.0,0.0,6.0,4.166666666666667,5.0,3.0,0.0,2.0,-1.0,0.48672566371681414,0.0,0.0,2.0,0.5,0.5,0.0,0.0,0.0,0.0,0.5,0.0,0.5,0.0,0.0,0.0,0.0,0.0,0.0,0.0,1.0,0.0,0.0,0.0,0.0,0.0,0.0,0.0,0.5,0.5,0.0,0.0,0.0,0.0,0.0,0.0,0.0,0.0,0.0,0.0,0.0,0.0,0.0,0.0,0.0,0.0,0.0,0.0,0.0,0.0,0.0,0.0,0.0,0.0,0.0,0.0,0.0,0.0,0.0,0.0,0.0,0.0,0.0,0.0,0.0,0.0,0.0,0.0,1.0,0.0,0.0,0.0,0.0,0.0,0.0,0.0,0.0,0.0,0.0,0.0,3.0,0.0,0.0,0.0,0.0,0.0,0.0,0.0,0.0,0.0,0.0,0.0,0.0,0.0,0.0,0.0,0.0,0.0,0.0,0.0,0.0,0.0,0.0,0.0,0.0,0.0,0.0,1.0,0.0,0.0,0.0,0.0,0.0,0.0,0.0,0.0,0.0,0.0,0.0,0.0,0.0,361.0,1.0,-1.0,0.0,0.0,0.035410108024691356,90.0,46.0
https://46728.shop/phplive/phplive.php,en,1,0.5,0.0,0.0,1.0,42.0,0.0,0.0,0.0,0.0,0.0,0.0,0.0,0.0,0.0,0.0,0.0,4.0,0.0,0.0,0.0,1.0,0.0,2.0,1.0,0.0,0.0,0.0,1.0,0.0,0.11904761904761904,5.0,0.0,0.0,0.0,0.0,1.0,1.0,0.0,1.0,1.0,1.0,0.0,0.0,0.0,0.0,0.0,0.9916166613932577,0.9999792748118498,0.0,0.0,0.0,6.0,4.166666666666667,5.0,3.0,0.0,2.0,-1.0,0.48672566371681414,0.0,0.0,2.0,0.5,0.5,0.0,0.0,0.0,0.0,0.5,0.0,0.5,0.0,0.0,0.0,0.0,0.0,0.0,0.0,1.0,0.0,0.0,0.0,0.0,0.0,0.0,0.0,0.5,0.5,0.0,0.0,0.0,0.0,0.0,0.0,0.0,0.0,0.0,0.0,0.0,0.0,0.0,0.0,0.0,0.0,0.0,0.0,0.0,0.0,0.0,0.0,0.0,0.0,0.0,0.0,0.0,0.0,0.0,0.0,0.0,0.0,0.0,0.0,0.0,0.0,0.0,0.0,1.0,0.0,0.0,0.0,0.0,0.0,0.0,0.0,0.0,0.0,0.0,0.0,3.0,0.0,0.0,0.0,0.0,0.0,0.0,0.0,0.0,0.0,0.0,0.0,0.0,0.0,0.0,0.0,0.0,0.0,0.0,0.0,0.0,0.0,0.0,0.0,0.0,0.0,0.0,1.0,0.0,0.0,0.0,0.0,0.0,0.0,0.0,0.0,0.0,0.0,0.0,0.0,0.0,361.0,1.0,-1.0,0.0,0.0,0.035410108024691356,90.0,46.0
https://reg-ebay-eshop-com.de/ebay-de-ws-eBayISAPI/admin/signin.php?www.ebay.de?eBayISAPI.de?token=NTM5NjI3&api=1&ref=true,en,1,1.0,0.0,0.0,1.0,122.0,0.0,0.0,0.0,0.0,0.0,0.0,0.0,0.0,0.0,2.0,0.0,5.0,3.0,0.0,3.0,0.0,6.0,5.0,1.0,0.0,0.0,0.0,1.0,0.0,0.02459016393442623,3.0,5.0,1.0,0.0,1.0,0.0,0.0,0.0,1.0,5.0,1.0,4.0,1.0,0.0,1.0,0.0,0.0,0.9994597634288857,1.0,1.0,0.0,25.0,3.6,8.0,1.0,0.0,5.0,0.0,-1.0,0.0,0.0,0.0,0.0,0.0,0.0,0.0,0.0,0.0,0.0,0.0,0.0,0.0,0.0,0.0,0.0,0.0,0.0,0.0,0.0,0.0,0.0,0.0,0.0,1.0,0.0,0.0,0.0,0.0,0.0,0.0,0.0,0.0,0.0,0.0,0.0,0.0,0.0,0.0,0.0,0.0,0.0,0.0,0.0,0.0,0.0,0.0,0.0,0.0,0.0,0.0,0.0,0.0,0.0,0.0,0.0,0.0,0.0,0.0,0.0,0.0,0.0,0.0,0.0,0.0,0.0,0.0,1.0,0.0,0.0,0.0,0.0,0.0,0.0,0.0,0.0,0.0,0.0,0.0,0.0,0.0,0.0,0.0,0.0,0.0,0.0,0.0,0.0,0.0,0.0,0.0,0.0,0.0,0.0,0.0,0.0,0.0,0.0,0.0,0.0,0.0,0.0,0.0,0.0,0.0,0.0,1.0,0.0,0.0,0.0,0.0,0.0,0.0,0.0,0.0,0.0,0.0,0.0,0.0,0.0,0.0,1.0,-1.0,0.0,0.0,0.060617412551440326,90.0,2.0
https://reg-ebay-eshop-com.de/ebay-de-ws-eBayISAPI/admin/,en,1,1.0,0.0,0.0,1.0,122.0,0.0,0.0,0.0,0.0,0.0,0.0,0.0,0.0,0.0,2.0,0.0,5.0,3.0,0.0,3.0,0.0,6.0,5.0,1.0,0.0,0.0,0.0,1.0,0.0,0.01639344262295082,2.0,5.0,1.0,0.0,1.0,0.0,1.0,0.0,1.0,5.0,1.0,4.0,1.0,0.0,1.0,0.0,0.0,0.9994597634288857,1.0,1.0,0.0,25.0,3.6,8.0,1.0,0.0,5.0,0.0,-1.0,0.0,0.0,0.0,0.0,0.0,0.0,0.0,0.0,0.0,0.0,0.0,0.0,0.0,0.0,0.0,0.0,0.0,0.0,0.0,0.0,0.0,0.0,0.0,0.0,1.0,0.0,0.0,0.0,0.0,0.0,0.0,0.0,0.0,0.0,0.0,0.0,0.0,0.0,0.0,0.0,0.0,0.0,0.0,0.0,0.0,0.0,0.0,0.0,0.0,0.0,0.0,0.0,0.0,0.0,0.0,0.0,0.0,0.0,0.0,0.0,0.0,0.0,0.0,0.0,0.0,0.0,0.0,1.0,0.0,0.0,0.0,0.0,0.0,0.0,0.0,0.0,0.0,0.0,0.0,0.0,0.0,0.0,0.0,0.0,0.0,0.0,0.0,0.0,0.0,0.0,0.0,0.0,0.0,0.0,0.0,0.0,0.0,0.0,0.0,0.0,0.0,0.0,0.0,0.0,0.0,0.0,1.0,0.0,0.0,0.0,0.0,0.0,0.0,0.0,0.0,0.0,0.0,0.0,0.0,0.0,0.0,1.0,-1.0,0.0,0.0,0.060617412551440326,90.0,2.0
https://cgshop.it/eBayISAPI-dll-SignIn-ru/admin/signin.php?www.ebay.de?eBayISAPI.de?token=OTQ3MzQ=&api=1&ref=true,en,1,1.0,0.0,0.0,1.0,113.0,0.0,0.0,0.0,0.0,0.0,0.0,0.0,0.0,0.0,2.0,0.0,5.0,4.0,0.0,3.0,0.0,3.0,5.0,1.0,0.0,0.0,0.0,1.0,0.0,0.017699115044247787,2.0,2.0,0.0,0.0,0.0,0.0,0.0,0.0,0.0,4.0,0.0,4.0,2.0,0.0,2.0,0.0,0.9975330117705252,0.9999461145108096,1.0,0.0,0.0,24.0,3.4583333333333335,7.0,1.0,0.0,5.0,0.0,-1.0,0.0,0.0,0.0,0.0,0.0,0.0,0.0,0.0,0.0,0.0,0.0,0.0,0.0,0.0,0.0,0.0,0.0,0.0,0.0,0.0,0.0,0.0,0.0,0.0,1.0,0.0,0.0,0.0,0.0,0.0,0.0,0.0,0.0,0.0,0.0,0.0,0.0,0.0,0.0,0.0,0.0,0.0,0.0,0.0,0.0,0.0,0.0,0.0,0.0,0.0,0.0,0.0,0.0,0.0,0.0,0.0,0.0,0.0,0.0,0.0,0.0,0.0,0.0,0.0,0.0,0.0,0.0,1.0,0.0,0.0,0.0,0.0,0.0,0.0,0.0,0.0,0.0,0.0,0.0,0.0,0.0,0.0,0.0,0.0,0.0,0.0,0.0,0.0,0.0,0.0,0.0,0.0,0.0,0.0,0.0,0.0,0.0,0.0,0.0,0.0,0.0,0.0,0.0,0.0,0.0,0.0,1.0,0.0,0.0,0.0,0.0,0.0,0.0,0.0,0.0,0.0,0.0,0.0,0.0,0.0,121.0,1.0,-1.0,3.0,0.0,0.29915612139917697,90.0,7.0
https://cgshop.it/eBayISAPI-dll-SignIn-ru/admin/,en,1,1.0,0.0,0.0,1.0,113.0,0.0,0.0,0.0,0.0,0.0,0.0,0.0,0.0,0.0,2.0,0.0,5.0,3.0,0.0,3.0,0.0,3.0,5.0,1.0,0.0,0.0,0.0,1.0,0.0,0.017699115044247787,2.0,2.0,0.0,0.0,0.0,0.0,1.0,0.0,0.0,4.0,0.0,4.0,2.0,0.0,2.0,0.0,0.9975330117705252,0.9999461145108096,1.0,0.0,0.0,24.0,3.5,8.0,1.0,0.0,5.0,0.0,-1.0,0.0,0.0,0.0,0.0,0.0,0.0,0.0,0.0,0.0,0.0,0.0,0.0,0.0,0.0,0.0,0.0,0.0,0.0,0.0,0.0,0.0,0.0,0.0,0.0,1.0,0.0,0.0,0.0,0.0,0.0,0.0,0.0,0.0,0.0,0.0,0.0,0.0,0.0,0.0,0.0,0.0,0.0,0.0,0.0,0.0,0.0,0.0,0.0,0.0,0.0,0.0,0.0,0.0,0.0,0.0,0.0,0.0,0.0,0.0,0.0,0.0,0.0,0.0,0.0,0.0,0.0,0.0,1.0,0.0,0.0,0.0,0.0,0.0,0.0,0.0,0.0,0.0,0.0,0.0,0.0,0.0,0.0,0.0,0.0,0.0,0.0,0.0,0.0,0.0,0.0,0.0,0.0,0.0,0.0,0.0,0.0,0.0,0.0,0.0,0.0,0.0,0.0,0.0,0.0,0.0,0.0,1.0,0.0,0.0,0.0,0.0,0.0,0.0,0.0,0.0,0.0,0.0,0.0,0.0,0.0,121.0,1.0,-1.0,3.0,0.0,0.29915612139917697,90.0,7.0
https://74582.shop/phplive/phplive.php,en,1,0.5,0.0,0.0,1.0,42.0,0.0,0.0,0.0,0.0,0.0,0.0,0.0,0.0,0.0,0.0,0.0,4.0,0.0,0.0,0.0,1.0,0.0,2.0,1.0,0.0,0.0,0.0,1.0,0.0,0.11904761904761904,5.0,0.0,0.0,0.0,0.0,1.0,1.0,0.0,1.0,1.0,1.0,0.0,0.0,0.0,0.0,0.0,0.8946524869534941,0.9999792748118498,0.0,0.0,0.0,6.0,4.166666666666667,5.0,3.0,0.0,2.0,-1.0,0.48672566371681414,0.0,0.0,2.0,0.5,0.5,0.0,0.0,0.0,0.0,0.5,0.0,0.5,0.0,0.0,0.0,0.0,0.0,0.0,0.0,1.0,0.0,0.0,0.0,0.0,0.0,0.0,0.0,0.5,0.5,0.0,0.0,0.0,0.0,0.0,0.0,0.0,0.0,0.0,0.0,0.0,0.0,0.0,0.0,0.0,0.0,0.0,0.0,0.0,0.0,0.0,0.0,0.0,0.0,0.0,0.0,0.0,0.0,0.0,0.0,0.0,0.0,0.0,0.0,0.0,0.0,0.0,0.0,1.0,0.0,0.0,0.0,0.0,0.0,0.0,0.0,0.0,0.0,0.0,0.0,3.0,0.0,0.0,0.0,0.0,0.0,0.0,0.0,0.0,0.0,0.0,0.0,0.0,0.0,0.0,0.0,0.0,0.0,0.0,0.0,0.0,0.0,0.0,0.0,0.0,0.0,0.0,1.0,0.0,0.0,0.0,0.0,0.0,0.0,0.0,0.0,0.0,0.0,0.0,0.0,0.0,361.0,1.0,-1.0,0.0,0.0,0.035410108024691356,90.0,46.0
